movie_odid,display_name,chart_type,chart_date,ranked,rank,previous_rank,revenue,estimated,tickets,theaters,total_revenue,total_tickets,days_in_release
139970100,La siciliana ribelle,Daily,2010-09-06,1,103,0,268,0,34,2,23942,3034,32
139980100,"The Twilight Saga: Breaking Dawn, Part 1",Daily,2011-11-18,1,1,0,71642526,0,9034366,4061,71642526,9034366,1
139980100,"The Twilight Saga: Breaking Dawn, Part 1",Daily,2011-11-19,1,1,1,40029203,0,5047819,4061,111671729,14082185,2
139980100,"The Twilight Saga: Breaking Dawn, Part 1",Daily,2011-11-20,1,1,1,26450532,0,3335502,4061,138122261,17417687,3
139980100,"The Twilight Saga: Breaking Dawn, Part 1",Daily,2011-11-21,1,1,1,9853481,0,1242558,4061,147975742,18660245,4
139980100,"The Twilight Saga: Breaking Dawn, Part 1",Daily,2011-11-22,1,1,1,11002420,0,1387443,4061,158978162,20047688,5
139980100,"The Twilight Saga: Breaking Dawn, Part 1",Daily,2011-11-23,1,1,1,12437564,0,1568419,4061,171415726,21616107,6
139980100,"The Twilight Saga: Breaking Dawn, Part 1",Daily,2011-11-24,1,1,1,7732709,0,975121,4061,179148435,22591228,7
139980100,"The Twilight Saga: Breaking Dawn, Part 1",Daily,2011-11-25,1,1,1,16689211,0,2104566,4066,195837646,24695794,8
139980100,"The Twilight Saga: Breaking Dawn, Part 1",Daily,2011-11-26,1,1,1,16363978,0,2063553,4066,212201624,26759347,9
139980100,"The Twilight Saga: Breaking Dawn, Part 1",Daily,2011-11-27,1,1,1,8630385,0,1088321,4066,220832009,27847668,10
139980100,"The Twilight Saga: Breaking Dawn, Part 1",Daily,2011-11-28,1,1,1,2525769,0,318508,4066,223357778,28166176,11
139980100,"The Twilight Saga: Breaking Dawn, Part 1",Daily,2011-11-29,1,1,1,2642924,0,333282,4066,226000702,28499458,12
139980100,"The Twilight Saga: Breaking Dawn, Part 1",Daily,2011-11-30,1,1,1,2151124,0,271264,4066,228151826,28770722,13
139980100,"The Twilight Saga: Breaking Dawn, Part 1",Daily,2011-12-01,1,1,1,2239118,0,282360,4066,230390944,29053082,14
139980100,"The Twilight Saga: Breaking Dawn, Part 1",Daily,2011-12-02,1,1,1,5452139,0,687533,4046,235843083,29740616,15
139980100,"The Twilight Saga: Breaking Dawn, Part 1",Daily,2011-12-03,1,1,1,7080431,0,892866,4046,242923514,30633482,16
139980100,"The Twilight Saga: Breaking Dawn, Part 1",Daily,2011-12-04,1,1,1,4002895,0,504779,4046,246926409,31138261,17
139980100,"The Twilight Saga: Breaking Dawn, Part 1",Daily,2011-12-05,1,1,1,1147289,0,144677,4046,248073698,31282938,18
139980100,"The Twilight Saga: Breaking Dawn, Part 1",Daily,2011-12-06,1,1,1,1315111,0,165840,4046,249388809,31448778,19
139980100,"The Twilight Saga: Breaking Dawn, Part 1",Daily,2011-12-07,1,1,1,1069091,0,134816,4046,250457900,31583594,20
139980100,"The Twilight Saga: Breaking Dawn, Part 1",Daily,2011-12-08,1,1,1,1125367,0,141913,4046,251583267,31725507,21
139980100,"The Twilight Saga: Breaking Dawn, Part 1",Daily,2011-12-09,1,3,1,2456195,0,309735,3604,254039462,32035241,22
139980100,"The Twilight Saga: Breaking Dawn, Part 1",Daily,2011-12-10,1,3,3,3398193,0,428524,3604,257437655,32463765,23
139980100,"The Twilight Saga: Breaking Dawn, Part 1",Daily,2011-12-11,1,5,3,1965014,0,247795,3604,259402669,32711560,24
139980100,"The Twilight Saga: Breaking Dawn, Part 1",Daily,2011-12-12,1,3,5,649222,0,81869,3604,260051891,32793429,25
139980100,"The Twilight Saga: Breaking Dawn, Part 1",Daily,2011-12-13,1,3,3,748250,0,94357,3604,260800141,32887786,26
139980100,"The Twilight Saga: Breaking Dawn, Part 1",Daily,2011-12-14,1,3,3,651265,0,82127,3604,261451406,32969912,27
139980100,"The Twilight Saga: Breaking Dawn, Part 1",Daily,2011-12-15,1,3,3,678675,0,85583,3604,262130081,33055496,28
139980100,"The Twilight Saga: Breaking Dawn, Part 1",Daily,2011-12-16,1,6,3,1278315,0,161200,2958,263408396,33216696,29
139980100,"The Twilight Saga: Breaking Dawn, Part 1",Daily,2011-12-17,1,6,6,1714274,0,216176,2958,265122670,33432871,30
139980100,"The Twilight Saga: Breaking Dawn, Part 1",Daily,2011-12-18,1,6,6,1205304,0,151993,2958,266327974,33584864,31
139980100,"The Twilight Saga: Breaking Dawn, Part 1",Daily,2011-12-19,1,6,6,651427,0,82147,2958,266979401,33667011,32
139980100,"The Twilight Saga: Breaking Dawn, Part 1",Daily,2011-12-20,1,8,6,697955,0,88015,2958,267677356,33755026,33
139980100,"The Twilight Saga: Breaking Dawn, Part 1",Daily,2011-12-21,1,10,8,515186,0,64967,1822,268192542,33819993,34
139980100,"The Twilight Saga: Breaking Dawn, Part 1",Daily,2011-12-22,1,10,10,609359,0,76842,1822,268801901,33896835,35
139980100,"The Twilight Saga: Breaking Dawn, Part 1",Daily,2011-12-23,1,11,10,671876,0,84726,1603,269473777,33981561,36
139980100,"The Twilight Saga: Breaking Dawn, Part 1",Daily,2011-12-24,1,14,11,282370,0,35608,1603,269756147,34017169,37
139980100,"The Twilight Saga: Breaking Dawn, Part 1",Daily,2011-12-25,1,16,14,512060,0,64573,1411,270268207,34081741,38
139980100,"The Twilight Saga: Breaking Dawn, Part 1",Daily,2011-12-26,1,14,16,914635,0,115339,1411,271182842,34197080,39
139980100,"The Twilight Saga: Breaking Dawn, Part 1",Daily,2011-12-27,1,13,14,771203,0,97251,1411,271954045,34294331,40
139980100,"The Twilight Saga: Breaking Dawn, Part 1",Daily,2011-12-28,1,12,13,753282,0,94991,1411,272707327,34389322,41
139980100,"The Twilight Saga: Breaking Dawn, Part 1",Daily,2011-12-29,1,12,12,762469,0,96150,1411,273469796,34485472,42
139980100,"The Twilight Saga: Breaking Dawn, Part 1",Daily,2011-12-30,1,12,12,866680,0,109291,1411,274336476,34594764,43
139980100,"The Twilight Saga: Breaking Dawn, Part 1",Daily,2011-12-31,1,14,12,505478,0,63742,1411,274841954,34658506,44
139980100,"The Twilight Saga: Breaking Dawn, Part 1",Daily,2012-01-01,1,15,14,688784,0,86858,1411,275530738,34745364,45
139980100,"The Twilight Saga: Breaking Dawn, Part 1",Daily,2012-01-02,1,14,15,594738,0,74998,1411,276125476,34820363,46
139980100,"The Twilight Saga: Breaking Dawn, Part 1",Daily,2012-01-03,0,13,14,299396,0,37755,1411,276424872,34858118,47
139980100,"The Twilight Saga: Breaking Dawn, Part 1",Daily,2012-01-04,1,12,13,250362,0,31572,1411,276675234,34889689,48
139980100,"The Twilight Saga: Breaking Dawn, Part 1",Daily,2012-01-05,1,11,12,268404,0,33847,1411,276943638,34923536,49
139980100,"The Twilight Saga: Breaking Dawn, Part 1",Daily,2012-01-06,0,13,11,437622,0,55186,1058,277381260,34978721,50
139980100,"The Twilight Saga: Breaking Dawn, Part 1",Daily,2012-01-07,0,14,13,665577,0,83932,1058,278046837,35062653,51
139980100,"The Twilight Saga: Breaking Dawn, Part 1",Daily,2012-01-08,0,14,14,368896,0,46519,1058,278415733,35109172,52
139980100,"The Twilight Saga: Breaking Dawn, Part 1",Daily,2012-01-09,0,14,14,108121,0,13634,1058,278523854,35122806,53
139980100,"The Twilight Saga: Breaking Dawn, Part 1",Daily,2012-01-10,0,15,14,125923,0,15879,1058,278649777,35138686,54
139980100,"The Twilight Saga: Breaking Dawn, Part 1",Daily,2012-01-11,0,15,15,112652,0,14206,1058,278762429,35152891,55
139980100,"The Twilight Saga: Breaking Dawn, Part 1",Daily,2012-01-12,0,15,15,107256,0,13525,1058,278869685,35166417,56
139980100,"The Twilight Saga: Breaking Dawn, Part 1",Daily,2012-01-13,0,18,15,201910,0,25462,708,279071595,35191878,57
139980100,"The Twilight Saga: Breaking Dawn, Part 1",Daily,2012-01-14,0,18,18,328064,0,41370,708,279399659,35233248,58
139980100,"The Twilight Saga: Breaking Dawn, Part 1",Daily,2012-01-15,0,18,18,239340,0,30182,708,279638999,35263430,59
139980100,"The Twilight Saga: Breaking Dawn, Part 1",Daily,2012-01-16,0,19,18,156164,0,19693,708,279795163,35283123,60
139980100,"The Twilight Saga: Breaking Dawn, Part 1",Daily,2012-01-17,0,18,19,51589,0,6506,708,279846752,35289628,61
139980100,"The Twilight Saga: Breaking Dawn, Part 1",Daily,2012-01-18,0,18,18,50512,0,6370,708,279897264,35295998,62
139980100,"The Twilight Saga: Breaking Dawn, Part 1",Daily,2012-01-19,0,17,18,56475,0,7122,708,279953739,35303120,63
139980100,"The Twilight Saga: Breaking Dawn, Part 1",Daily,2012-01-20,0,21,17,83654,0,10549,370,280037393,35313669,64
139980100,"The Twilight Saga: Breaking Dawn, Part 1",Daily,2012-01-21,0,22,21,148794,0,18763,370,280186187,35332432,65
139980100,"The Twilight Saga: Breaking Dawn, Part 1",Daily,2012-01-22,0,22,22,76270,0,9618,370,280262457,35342050,66
139980100,"The Twilight Saga: Breaking Dawn, Part 1",Daily,2012-01-23,0,22,22,25981,0,3276,370,280288438,35345326,67
139980100,"The Twilight Saga: Breaking Dawn, Part 1",Daily,2012-01-24,0,21,22,26823,0,3382,370,280315261,35348709,68
139980100,"The Twilight Saga: Breaking Dawn, Part 1",Daily,2012-01-25,0,21,21,27293,0,3442,370,280342554,35352151,69
139980100,"The Twilight Saga: Breaking Dawn, Part 1",Daily,2012-01-26,0,21,21,28870,0,3641,370,280371424,35355791,70
139980100,"The Twilight Saga: Breaking Dawn, Part 1",Daily,2012-01-27,0,28,21,46488,0,5862,191,280417912,35361653,71
139980100,"The Twilight Saga: Breaking Dawn, Part 1",Daily,2012-01-28,0,27,28,75748,0,9552,191,280493660,35371206,72
139980100,"The Twilight Saga: Breaking Dawn, Part 1",Daily,2012-01-29,0,28,27,42475,0,5356,191,280536135,35376562,73
139980100,"The Twilight Saga: Breaking Dawn, Part 1",Daily,2012-01-30,0,27,28,13580,0,1712,191,280549715,35378274,74
139980100,"The Twilight Saga: Breaking Dawn, Part 1",Daily,2012-01-31,0,28,27,15619,0,1970,191,280565334,35380244,75
139980100,"The Twilight Saga: Breaking Dawn, Part 1",Daily,2012-02-01,0,27,28,14808,0,1867,191,280580142,35382111,76
139980100,"The Twilight Saga: Breaking Dawn, Part 1",Daily,2012-02-02,0,27,27,16568,0,2089,191,280596710,35384201,77
139980100,"The Twilight Saga: Breaking Dawn, Part 1",Daily,2012-02-03,0,23,27,83714,0,10557,296,280680424,35394757,78
139980100,"The Twilight Saga: Breaking Dawn, Part 1",Daily,2012-02-04,0,23,23,137341,0,17319,296,280817765,35412076,79
139980100,"The Twilight Saga: Breaking Dawn, Part 1",Daily,2012-02-05,0,25,23,58700,0,7402,296,280876465,35419479,80
139980100,"The Twilight Saga: Breaking Dawn, Part 1",Daily,2012-02-06,0,24,25,27234,0,3434,296,280903699,35422913,81
139980100,"The Twilight Saga: Breaking Dawn, Part 1",Daily,2012-02-07,0,24,24,31367,0,3955,296,280935066,35426868,82
139980100,"The Twilight Saga: Breaking Dawn, Part 1",Daily,2012-02-08,0,24,24,26476,0,3339,296,280961542,35430207,83
139980100,"The Twilight Saga: Breaking Dawn, Part 1",Daily,2012-02-09,0,24,24,28347,0,3575,296,280989889,35433782,84
139980100,"The Twilight Saga: Breaking Dawn, Part 1",Daily,2012-02-10,0,28,24,52820,0,6661,230,281042709,35440442,85
139980100,"The Twilight Saga: Breaking Dawn, Part 1",Daily,2012-02-11,0,31,28,74489,0,9393,230,281117198,35449836,86
139980100,"The Twilight Saga: Breaking Dawn, Part 1",Daily,2012-02-12,0,31,31,40974,0,5167,230,281158172,35455003,87
139980100,"The Twilight Saga: Breaking Dawn, Part 1",Daily,2012-02-13,0,28,31,11958,0,1508,230,281170130,35456511,88
139980100,"The Twilight Saga: Breaking Dawn, Part 1",Daily,2012-02-14,0,27,28,20578,0,2595,230,281190708,35459106,89
139980100,"The Twilight Saga: Breaking Dawn, Part 1",Daily,2012-02-15,0,30,27,10285,0,1297,230,281200993,35460403,90
139980100,"The Twilight Saga: Breaking Dawn, Part 1",Daily,2012-02-16,0,28,30,12352,0,1558,230,281213345,35461960,91
139980100,"The Twilight Saga: Breaking Dawn, Part 1",Daily,2012-02-17,0,36,28,15116,0,1906,148,281228461,35463866,92
139980100,"The Twilight Saga: Breaking Dawn, Part 1",Daily,2012-02-18,0,36,36,22896,0,2887,148,281251357,35466754,93
139980100,"The Twilight Saga: Breaking Dawn, Part 1",Daily,2012-02-19,0,36,36,16306,0,2056,148,281267663,35468810,94
139980100,"The Twilight Saga: Breaking Dawn, Part 1",Daily,2012-02-20,0,36,36,8328,0,1050,148,281275991,35469860,95
139980100,"The Twilight Saga: Breaking Dawn, Part 1",Daily,2012-02-21,0,35,36,3977,0,502,148,281279968,35470362,96
139980100,"The Twilight Saga: Breaking Dawn, Part 1",Daily,2012-02-22,0,35,35,3252,0,410,148,281283220,35470772,97
139980100,"The Twilight Saga: Breaking Dawn, Part 1",Daily,2012-02-23,0,34,35,3913,0,493,148,281287133,35471265,98
139990100,"The Twilight Saga: Breaking Dawn, Part 2",Daily,2012-11-16,1,1,0,71167839,0,8907114,4070,71167839,8907114,1
139990100,"The Twilight Saga: Breaking Dawn, Part 2",Daily,2012-11-17,1,1,1,41443147,0,5226122,4070,112610986,14200629,3
139990100,"The Twilight Saga: Breaking Dawn, Part 2",Daily,2012-11-18,1,1,1,28456648,0,3588480,4070,141067634,17789109,4
139990100,"The Twilight Saga: Breaking Dawn, Part 2",Daily,2012-11-19,1,1,1,10090710,0,1272473,4070,151158344,19061582,5
139990100,"The Twilight Saga: Breaking Dawn, Part 2",Daily,2012-11-20,1,1,1,11772338,0,1484532,4070,162930682,20546114,6
139990100,"The Twilight Saga: Breaking Dawn, Part 2",Daily,2012-11-21,1,1,1,12779287,0,1611512,4070,175709969,22157626,7
139990100,"The Twilight Saga: Breaking Dawn, Part 2",Daily,2012-11-22,1,1,1,8014701,0,1010681,4070,183724670,23168307,8
139990100,"The Twilight Saga: Breaking Dawn, Part 2",Daily,2012-11-23,1,1,1,17546033,0,2212615,4070,201270703,25380922,9
139990100,"The Twilight Saga: Breaking Dawn, Part 2",Daily,2012-11-24,1,1,1,17016976,0,2145899,4070,218287679,27526821,10
139990100,"The Twilight Saga: Breaking Dawn, Part 2",Daily,2012-11-25,1,1,1,9078439,0,1144822,4070,227366118,28671643,11
139990100,"The Twilight Saga: Breaking Dawn, Part 2",Daily,2012-11-26,1,1,1,2553058,0,321949,4070,229919176,28993592,12
139990100,"The Twilight Saga: Breaking Dawn, Part 2",Daily,2012-11-27,1,1,1,2721622,0,343206,4070,232640798,29336798,13
139990100,"The Twilight Saga: Breaking Dawn, Part 2",Daily,2012-11-28,1,1,1,2384280,0,300666,4070,235025078,29637464,14
139990100,"The Twilight Saga: Breaking Dawn, Part 2",Daily,2012-11-29,1,1,1,2157426,0,272059,4070,237182504,29909523,15
139990100,"The Twilight Saga: Breaking Dawn, Part 2",Daily,2012-11-30,1,1,1,5500983,0,693693,4008,242683487,30603216,16
139990100,"The Twilight Saga: Breaking Dawn, Part 2",Daily,2012-12-01,1,2,1,7525548,0,948997,4008,250209035,31552213,17
139990100,"The Twilight Saga: Breaking Dawn, Part 2",Daily,2012-12-02,1,1,2,4389831,0,553573,4008,254598866,32105786,18
139990100,"The Twilight Saga: Breaking Dawn, Part 2",Daily,2012-12-03,1,1,1,1214476,0,153150,4008,255813342,32258936,19
139990100,"The Twilight Saga: Breaking Dawn, Part 2",Daily,2012-12-04,1,2,1,1442037,0,181846,4008,257255379,32440782,20
139990100,"The Twilight Saga: Breaking Dawn, Part 2",Daily,2012-12-05,1,3,2,1137336,0,143422,4008,258392715,32584204,21
139990100,"The Twilight Saga: Breaking Dawn, Part 2",Daily,2012-12-06,1,2,3,1142049,0,144016,4008,259534764,32728220,22
139990100,"The Twilight Saga: Breaking Dawn, Part 2",Daily,2012-12-07,1,2,2,2833704,0,357340,3646,262368468,33085560,23
139990100,"The Twilight Saga: Breaking Dawn, Part 2",Daily,2012-12-08,1,4,2,3969977,0,500628,3646,266338445,33586188,24
139990100,"The Twilight Saga: Breaking Dawn, Part 2",Daily,2012-12-09,1,4,4,2352584,0,296669,3646,268691029,33882857,25
139990100,"The Twilight Saga: Breaking Dawn, Part 2",Daily,2012-12-10,1,3,4,712174,0,89808,3646,269403203,33972665,26
139990100,"The Twilight Saga: Breaking Dawn, Part 2",Daily,2012-12-11,1,4,3,856928,0,108062,3646,270260131,34080727,27
139990100,"The Twilight Saga: Breaking Dawn, Part 2",Daily,2012-12-12,1,4,4,712401,0,89836,3646,270972532,34170563,28
139990100,"The Twilight Saga: Breaking Dawn, Part 2",Daily,2012-12-13,1,4,4,717537,0,90484,3646,271690069,34261047,29
139990100,"The Twilight Saga: Breaking Dawn, Part 2",Daily,2012-12-14,1,5,4,1484807,0,187239,3042,273174876,34448286,30
139990100,"The Twilight Saga: Breaking Dawn, Part 2",Daily,2012-12-15,1,7,5,2256236,0,284519,3042,275431112,34732805,31
139990100,"The Twilight Saga: Breaking Dawn, Part 2",Daily,2012-12-16,1,6,7,1395031,0,175918,3042,276826143,34908723,32
139990100,"The Twilight Saga: Breaking Dawn, Part 2",Daily,2012-12-17,1,5,6,523728,0,66044,3042,277349871,34974767,33
139990100,"The Twilight Saga: Breaking Dawn, Part 2",Daily,2012-12-18,1,6,5,608154,0,76690,3042,277958025,35051457,34
139990100,"The Twilight Saga: Breaking Dawn, Part 2",Daily,2012-12-19,1,8,6,494274,0,62330,3042,278452299,35113787,35
139990100,"The Twilight Saga: Breaking Dawn, Part 2",Daily,2012-12-20,1,8,8,553435,0,69790,3042,279005734,35183577,36
139990100,"The Twilight Saga: Breaking Dawn, Part 2",Daily,2012-12-21,1,11,8,761511,0,96029,1183,279767245,35279606,37
139990100,"The Twilight Saga: Breaking Dawn, Part 2",Daily,2012-12-22,1,10,11,1009828,0,127343,1183,280777073,35406949,38
139990100,"The Twilight Saga: Breaking Dawn, Part 2",Daily,2012-12-23,1,10,10,855616,0,107896,1183,281632689,35514845,39
139990100,"The Twilight Saga: Breaking Dawn, Part 2",Daily,2012-12-24,1,13,10,346262,0,43665,1183,281978951,35558510,40
139990100,"The Twilight Saga: Breaking Dawn, Part 2",Daily,2012-12-25,1,15,13,461249,0,58165,1183,282440200,35616675,41
139990100,"The Twilight Saga: Breaking Dawn, Part 2",Daily,2012-12-26,1,15,15,583553,0,73588,1183,283023753,35690263,42
139990100,"The Twilight Saga: Breaking Dawn, Part 2",Daily,2012-12-27,1,15,15,656023,0,82727,1183,283679776,35772990,43
139990100,"The Twilight Saga: Breaking Dawn, Part 2",Daily,2012-12-28,1,14,15,776327,0,99785,1191,284456103,35872775,44
139990100,"The Twilight Saga: Breaking Dawn, Part 2",Daily,2012-12-29,1,15,14,858047,0,110289,1191,285314150,35983064,45
139990100,"The Twilight Saga: Breaking Dawn, Part 2",Daily,2012-12-30,1,15,15,724915,0,93177,1191,286039065,36076241,46
139990100,"The Twilight Saga: Breaking Dawn, Part 2",Daily,2012-12-31,1,16,15,383828,0,49335,1191,286422893,36125576,47
139990100,"The Twilight Saga: Breaking Dawn, Part 2",Daily,2013-01-01,1,16,16,604980,0,77761,1191,287027873,36203337,48
139990100,"The Twilight Saga: Breaking Dawn, Part 2",Daily,2013-01-02,1,14,16,377388,0,48507,1191,287405261,36251844,49
139990100,"The Twilight Saga: Breaking Dawn, Part 2",Daily,2013-01-03,1,14,14,351025,0,45119,1191,287756286,36296963,50
139990100,"The Twilight Saga: Breaking Dawn, Part 2",Daily,2013-01-04,1,18,14,450531,0,57909,825,288206817,36354872,51
139990100,"The Twilight Saga: Breaking Dawn, Part 2",Daily,2013-01-05,1,18,18,603679,0,77594,825,288810496,36432466,52
139990100,"The Twilight Saga: Breaking Dawn, Part 2",Daily,2013-01-06,1,20,18,322860,0,41499,825,289133356,36473965,53
139990100,"The Twilight Saga: Breaking Dawn, Part 2",Daily,2013-01-07,1,19,20,102106,0,13124,825,289235462,36487089,54
139990100,"The Twilight Saga: Breaking Dawn, Part 2",Daily,2013-01-08,1,19,19,106604,0,13702,825,289342066,36500791,55
139990100,"The Twilight Saga: Breaking Dawn, Part 2",Daily,2013-01-09,1,19,19,92914,0,11943,825,289434980,36512734,56
139990100,"The Twilight Saga: Breaking Dawn, Part 2",Daily,2013-01-10,1,19,19,94598,0,12159,825,289529578,36524893,57
139990100,"The Twilight Saga: Breaking Dawn, Part 2",Daily,2013-01-11,0,20,19,175500,0,22558,542,289705078,36547451,58
139990100,"The Twilight Saga: Breaking Dawn, Part 2",Daily,2013-01-12,0,21,20,298159,0,38324,542,290003237,36585775,59
139990100,"The Twilight Saga: Breaking Dawn, Part 2",Daily,2013-01-13,0,21,21,174472,0,22426,542,290177709,36608201,60
139990100,"The Twilight Saga: Breaking Dawn, Part 2",Daily,2013-01-14,1,21,21,48339,0,6213,542,290226048,36614414,61
139990100,"The Twilight Saga: Breaking Dawn, Part 2",Daily,2013-01-15,1,21,21,55126,0,7086,542,290281174,36621500,62
139990100,"The Twilight Saga: Breaking Dawn, Part 2",Daily,2013-01-16,1,21,21,49094,0,6310,542,290330268,36627810,63
139990100,"The Twilight Saga: Breaking Dawn, Part 2",Daily,2013-01-17,1,21,21,49755,0,6395,542,290380023,36634205,64
139990100,"The Twilight Saga: Breaking Dawn, Part 2",Daily,2013-01-18,0,25,21,85026,0,10929,306,290465049,36645134,65
139990100,"The Twilight Saga: Breaking Dawn, Part 2",Daily,2013-01-19,0,26,25,146459,0,18825,306,290611508,36663959,66
139990100,"The Twilight Saga: Breaking Dawn, Part 2",Daily,2013-01-20,0,26,26,102287,0,13147,306,290713795,36677106,67
139990100,"The Twilight Saga: Breaking Dawn, Part 2",Daily,2013-01-21,0,25,26,69217,0,8897,306,290783012,36686003,68
139990100,"The Twilight Saga: Breaking Dawn, Part 2",Daily,2013-01-22,0,26,25,25243,0,3245,306,290808255,36689248,69
139990100,"The Twilight Saga: Breaking Dawn, Part 2",Daily,2013-01-23,0,25,26,22359,0,2874,306,290830614,36692122,70
139990100,"The Twilight Saga: Breaking Dawn, Part 2",Daily,2013-01-24,0,25,25,24341,0,3129,306,290854955,36695251,71
139990100,"The Twilight Saga: Breaking Dawn, Part 2",Daily,2013-01-25,0,29,25,51897,0,6671,216,290906852,36701922,72
139990100,"The Twilight Saga: Breaking Dawn, Part 2",Daily,2013-01-26,0,28,29,105831,0,13603,216,291012683,36715525,73
139990100,"The Twilight Saga: Breaking Dawn, Part 2",Daily,2013-01-27,0,28,28,63006,0,8098,216,291075689,36723623,74
139990100,"The Twilight Saga: Breaking Dawn, Part 2",Daily,2013-01-28,0,27,28,17970,0,2310,216,291093659,36725933,75
139990100,"The Twilight Saga: Breaking Dawn, Part 2",Daily,2013-01-29,0,28,27,16915,0,2174,216,291110574,36728107,76
139990100,"The Twilight Saga: Breaking Dawn, Part 2",Daily,2013-01-30,0,26,28,16221,0,2085,216,291126795,36730192,77
139990100,"The Twilight Saga: Breaking Dawn, Part 2",Daily,2013-01-31,0,27,26,18295,0,2352,216,291145090,36732544,78
139990100,"The Twilight Saga: Breaking Dawn, Part 2",Daily,2013-02-01,0,31,27,41298,0,5308,189,291186388,36737852,79
139990100,"The Twilight Saga: Breaking Dawn, Part 2",Daily,2013-02-02,0,31,31,69495,0,8933,189,291255883,36746785,80
139990100,"The Twilight Saga: Breaking Dawn, Part 2",Daily,2013-02-03,0,31,31,25895,0,3328,189,291281778,36750113,81
139990100,"The Twilight Saga: Breaking Dawn, Part 2",Daily,2013-02-04,0,31,31,11647,0,1497,189,291293425,36751610,82
139990100,"The Twilight Saga: Breaking Dawn, Part 2",Daily,2013-02-05,0,31,31,12568,0,1615,189,291305993,36753225,83
139990100,"The Twilight Saga: Breaking Dawn, Part 2",Daily,2013-02-06,0,32,31,11203,0,1440,189,291317196,36754665,84
139990100,"The Twilight Saga: Breaking Dawn, Part 2",Daily,2013-02-07,0,31,32,12272,0,1577,189,291329468,36756242,85
139990100,"The Twilight Saga: Breaking Dawn, Part 2",Daily,2013-02-08,0,35,31,24745,0,3181,160,291354213,36759423,86
139990100,"The Twilight Saga: Breaking Dawn, Part 2",Daily,2013-02-09,0,32,35,48652,0,6253,160,291402865,36765676,87
139990100,"The Twilight Saga: Breaking Dawn, Part 2",Daily,2013-02-10,0,35,32,26408,0,3394,160,291429273,36769070,88
139990100,"The Twilight Saga: Breaking Dawn, Part 2",Daily,2013-02-11,0,32,35,8591,0,1104,160,291437864,36770174,89
139990100,"The Twilight Saga: Breaking Dawn, Part 2",Daily,2013-02-12,0,36,32,7586,0,975,160,291445450,36771149,90
139990100,"The Twilight Saga: Breaking Dawn, Part 2",Daily,2013-02-13,0,33,36,7147,0,919,160,291452597,36772068,91
139990100,"The Twilight Saga: Breaking Dawn, Part 2",Daily,2013-02-14,0,26,33,40909,0,5258,254,291493506,36777326,92
139990100,"The Twilight Saga: Breaking Dawn, Part 2",Daily,2013-02-15,0,25,26,69171,0,8891,254,291562677,36786217,93
139990100,"The Twilight Saga: Breaking Dawn, Part 2",Daily,2013-02-16,0,24,25,119061,0,15303,254,291681738,36801520,94
139990100,"The Twilight Saga: Breaking Dawn, Part 2",Daily,2013-02-17,0,23,24,97481,0,12530,254,291779219,36814050,95
139990100,"The Twilight Saga: Breaking Dawn, Part 2",Daily,2013-02-18,0,23,23,59585,0,7659,254,291838804,36821709,96
139990100,"The Twilight Saga: Breaking Dawn, Part 2",Daily,2013-02-19,0,24,23,25602,0,3291,254,291864406,36825000,97
139990100,"The Twilight Saga: Breaking Dawn, Part 2",Daily,2013-02-20,0,25,24,22709,0,2919,254,291887115,36827919,98
139990100,"The Twilight Saga: Breaking Dawn, Part 2",Daily,2013-02-21,0,24,25,23316,0,2997,254,291910431,36830916,99
139990100,"The Twilight Saga: Breaking Dawn, Part 2",Daily,2013-02-22,0,25,24,56725,0,7291,223,291967156,36838207,100
139990100,"The Twilight Saga: Breaking Dawn, Part 2",Daily,2013-02-23,0,26,25,97418,0,12522,223,292064574,36850729,101
139990100,"The Twilight Saga: Breaking Dawn, Part 2",Daily,2013-02-24,0,26,26,58647,0,7538,223,292123221,36858267,102
139990100,"The Twilight Saga: Breaking Dawn, Part 2",Daily,2013-02-25,0,26,26,15247,0,1960,223,292138468,36860227,103
139990100,"The Twilight Saga: Breaking Dawn, Part 2",Daily,2013-02-26,0,28,26,15432,0,1984,223,292153900,36862211,104
139990100,"The Twilight Saga: Breaking Dawn, Part 2",Daily,2013-02-27,0,27,28,15418,0,1982,223,292169318,36864193,105
139990100,"The Twilight Saga: Breaking Dawn, Part 2",Daily,2013-02-28,0,27,27,15610,0,2006,223,292184928,36866199,106
139990100,"The Twilight Saga: Breaking Dawn, Part 2",Daily,2013-03-01,0,30,27,34378,0,4419,180,292219306,36870618,107
139990100,"The Twilight Saga: Breaking Dawn, Part 2",Daily,2013-03-02,0,30,30,50700,0,6517,180,292270006,36877135,108
139990100,"The Twilight Saga: Breaking Dawn, Part 2",Daily,2013-03-03,0,31,30,28917,0,3717,180,292298923,36880852,109
139990100,"The Twilight Saga: Breaking Dawn, Part 2",Daily,2013-03-04,0,32,31,6904,0,887,180,292305827,36881739,110
139990100,"The Twilight Saga: Breaking Dawn, Part 2",Daily,2013-03-05,0,34,32,6425,0,826,180,292312252,36882565,111
139990100,"The Twilight Saga: Breaking Dawn, Part 2",Daily,2013-03-06,0,33,34,6092,0,783,180,292318344,36883348,112
139990100,"The Twilight Saga: Breaking Dawn, Part 2",Daily,2013-03-07,0,33,33,6393,0,822,180,292324737,36884170,113
140040100,Catfish,Daily,2010-09-17,0,22,0,87032,0,11031,12,87032,11031,1
140040100,Catfish,Daily,2010-09-18,0,26,22,94234,0,11943,12,181266,22974,2
140040100,Catfish,Daily,2010-09-19,0,23,26,76019,0,9635,12,257285,32609,3
140040100,Catfish,Daily,2010-09-20,0,21,23,26088,0,3306,12,283373,35915,4
140040100,Catfish,Daily,2010-09-21,0,22,21,24787,0,3142,12,308160,39057,5
140040100,Catfish,Daily,2010-09-22,0,22,22,25762,0,3265,12,333922,42322,6
140040100,Catfish,Daily,2010-09-23,0,22,22,24778,0,3140,12,358700,45463,7
140040100,Catfish,Daily,2010-09-24,1,16,22,147575,0,18704,57,506275,64167,8
140040100,Catfish,Daily,2010-09-25,1,18,16,176594,0,22382,57,682869,86549,9
140040100,Catfish,Daily,2010-09-26,1,17,18,128411,0,16275,57,811280,102824,10
140040100,Catfish,Daily,2010-09-27,1,15,17,52094,0,6603,57,863374,109426,11
140040100,Catfish,Daily,2010-09-28,1,16,15,50873,0,6448,57,914247,115874,12
140040100,Catfish,Daily,2010-09-29,1,15,16,56856,0,7206,57,971103,123080,13
140040100,Catfish,Daily,2010-09-30,1,16,15,60069,0,7613,57,1031172,130694,14
140040100,Catfish,Daily,2010-10-01,1,14,16,201215,0,25503,136,1232387,156196,15
140040100,Catfish,Daily,2010-10-02,1,14,14,231201,0,29303,136,1463588,185499,16
140040100,Catfish,Daily,2010-10-03,1,14,14,157761,0,19995,136,1621349,205494,17
140040100,Catfish,Daily,2010-10-04,1,13,14,57815,0,7328,136,1679164,212822,18
140040100,Catfish,Daily,2010-10-05,1,14,13,56118,0,7113,136,1735282,219934,19
140040100,Catfish,Daily,2010-10-06,1,13,14,55318,0,7011,136,1790600,226946,20
140040100,Catfish,Daily,2010-10-07,1,14,13,52151,0,6610,136,1842751,233555,21
140040100,Catfish,Daily,2010-10-08,0,18,14,121311,0,15375,143,1964062,248931,22
140040100,Catfish,Daily,2010-10-09,0,19,18,156727,0,19864,143,2120789,268795,23
140040100,Catfish,Daily,2010-10-10,0,18,19,115321,0,14616,143,2236110,283411,24
140040100,Catfish,Daily,2010-10-11,0,19,18,64079,0,8122,143,2300189,291532,25
140040100,Catfish,Daily,2010-10-12,0,19,19,39175,0,4965,143,2339364,296497,26
140040100,Catfish,Daily,2010-10-13,0,18,19,41470,0,5256,143,2380834,301753,27
140040100,Catfish,Daily,2010-10-14,0,20,18,37982,0,4814,143,2418816,306567,28
140040100,Catfish,Daily,2010-10-15,0,26,20,63220,0,8013,116,2482036,314580,29
140040100,Catfish,Daily,2010-10-16,0,28,26,91060,0,11541,116,2573096,326121,30
140040100,Catfish,Daily,2010-10-17,0,27,28,56260,0,7131,116,2629356,333252,31
140040100,Catfish,Daily,2010-10-18,0,26,27,23200,0,2940,116,2652556,336192,32
140040100,Catfish,Daily,2010-10-19,0,29,26,20480,0,2596,116,2673036,338788,33
140040100,Catfish,Daily,2010-10-20,0,28,29,20895,0,2648,116,2693931,341436,34
140040100,Catfish,Daily,2010-10-21,0,28,28,19407,0,2460,116,2713338,343896,35
140040100,Catfish,Daily,2010-10-22,0,28,28,49272,0,6245,139,2762610,350141,36
140040100,Catfish,Daily,2010-10-23,0,27,28,70598,0,8948,139,2833208,359088,37
140040100,Catfish,Daily,2010-10-24,0,28,27,46534,0,5898,139,2879742,364986,38
140040100,Catfish,Daily,2010-10-25,0,27,28,16725,0,2120,139,2896467,367106,39
140040100,Catfish,Daily,2010-10-26,0,27,27,17182,0,2178,139,2913649,369284,40
140040100,Catfish,Daily,2010-10-27,0,27,27,17375,0,2202,139,2931024,371486,41
140040100,Catfish,Daily,2010-10-28,0,27,27,17009,0,2156,139,2948033,373642,42
140040100,Catfish,Daily,2010-10-29,0,28,27,32850,0,4163,137,2980883,377805,43
140040100,Catfish,Daily,2010-10-30,0,29,28,37675,0,4775,137,3018558,382580,44
140040100,Catfish,Daily,2010-10-31,0,28,29,27385,0,3471,137,3045943,386051,45
140040100,Catfish,Daily,2010-11-01,0,27,28,13725,0,1740,137,3059668,387791,46
140040100,Catfish,Daily,2010-11-02,0,28,27,14385,0,1823,137,3074053,389614,47
140040100,Catfish,Daily,2010-11-03,0,28,28,13635,0,1728,137,3087688,391342,48
140040100,Catfish,Daily,2010-11-04,0,28,28,13760,0,1744,137,3101448,393086,49
140040100,Catfish,Daily,2010-11-05,0,32,28,15385,0,1950,55,3116833,395036,50
140040100,Catfish,Daily,2010-11-06,0,32,32,22010,0,2790,55,3138843,397825,51
140040100,Catfish,Daily,2010-11-07,0,33,32,12375,0,1568,55,3151218,399394,52
140040100,Catfish,Daily,2010-11-08,0,30,33,4950,0,627,55,3156168,400021,53
140040100,Catfish,Daily,2010-11-09,0,30,30,6325,0,802,55,3162493,400823,54
140040100,Catfish,Daily,2010-11-10,0,31,30,6050,0,767,55,3168543,401590,55
140040100,Catfish,Daily,2010-11-11,0,32,31,8795,0,1115,55,3177338,402704,56
140040100,Catfish,Daily,2010-11-12,0,37,32,7495,0,950,25,3184833,403654,57
140040100,Catfish,Daily,2010-11-13,0,38,37,10375,0,1315,25,3195208,404969,58
140040100,Catfish,Daily,2010-11-14,0,39,38,6005,0,761,25,3201213,405730,59
140040100,Catfish,Daily,2010-11-15,0,34,39,2875,0,364,25,3204088,406095,60
140040100,Catfish,Daily,2010-11-16,0,35,34,2375,0,301,25,3206463,406396,61
140040100,Catfish,Daily,2010-11-17,0,35,35,2385,0,302,25,3208848,406698,62
140040100,Catfish,Daily,2010-11-18,0,35,35,2750,0,349,25,3211598,407047,63
140040100,Catfish,Daily,2010-11-19,0,35,35,2790,0,354,13,3214388,407400,64
140040100,Catfish,Daily,2010-11-20,0,36,35,3965,0,503,13,3218353,407903,65
140040100,Catfish,Daily,2010-11-21,0,36,36,2800,0,355,13,3221153,408258,66
140040100,Catfish,Daily,2010-11-22,0,35,36,1170,0,148,13,3222323,408406,67
140040100,Catfish,Daily,2010-11-23,0,35,35,1430,0,181,13,3223753,408587,68
140040100,Catfish,Daily,2010-11-24,0,43,35,1260,0,160,9,3225013,408747,69
140040100,Catfish,Daily,2010-11-25,0,41,43,1530,0,194,9,3226543,408941,70
140040100,Catfish,Daily,2010-11-26,0,42,41,3330,0,422,9,3229873,409363,71
140040100,Catfish,Daily,2010-11-27,0,42,42,3285,0,416,9,3233158,409779,72
140040100,Catfish,Daily,2010-11-28,0,45,42,1215,0,154,9,3234373,409933,73
140040100,Catfish,Daily,2010-11-29,0,41,45,675,0,86,9,3235048,410019,74
140040100,Catfish,Daily,2010-11-30,0,42,41,810,0,103,9,3235858,410121,75
140040100,Catfish,Daily,2010-12-01,0,42,42,540,0,68,9,3236398,410190,76
140040100,Catfish,Daily,2010-12-02,0,40,42,945,0,120,9,3237343,410310,77
140050100,Red,Daily,2010-10-15,1,2,0,7306494,0,926045,3255,7306494,926045,1
140050100,Red,Daily,2010-10-16,1,2,2,9204737,0,1166633,3255,16511231,2092678,2
140050100,Red,Daily,2010-10-17,1,2,2,5250177,0,665422,3255,21761408,2758100,3
140050100,Red,Daily,2010-10-18,1,2,2,1658429,0,210194,3255,23419837,2968294,4
140050100,Red,Daily,2010-10-19,1,2,2,1884359,0,238829,3255,25304196,3207122,5
140050100,Red,Daily,2010-10-20,1,2,2,1574320,0,199534,3255,26878516,3406656,6
140050100,Red,Daily,2010-10-21,1,2,2,1604753,0,203391,3255,28483269,3610047,7
140050100,Red,Daily,2010-10-22,1,3,2,4544308,0,575958,3273,33027577,4186005,8
140050100,Red,Daily,2010-10-23,1,3,3,6651273,0,843000,3273,39678850,5029005,9
140050100,Red,Daily,2010-10-24,1,3,3,3839335,0,486608,3273,43518185,5515613,10
140050100,Red,Daily,2010-10-25,1,3,3,1123234,0,142362,3273,44641419,5657975,11
140050100,Red,Daily,2010-10-26,1,3,3,1264982,0,160327,3273,45906401,5818302,12
140050100,Red,Daily,2010-10-27,1,3,3,1063847,0,134835,3273,46970248,5953137,13
140050100,Red,Daily,2010-10-28,1,3,3,1123546,0,142401,3273,48093794,6095538,14
140050100,Red,Daily,2010-10-29,1,3,3,3432030,0,434985,3349,51525824,6530523,15
140050100,Red,Daily,2010-10-30,1,3,3,4711048,0,597091,3349,56236872,7127614,16
140050100,Red,Daily,2010-10-31,1,3,3,2586558,0,327827,3349,58823430,7455441,17
140050100,Red,Daily,2010-11-01,1,4,3,953207,0,120812,3349,59776637,7576253,18
140050100,Red,Daily,2010-11-02,1,2,4,1205175,0,152747,3349,60981812,7729000,19
140050100,Red,Daily,2010-11-03,1,2,2,954318,0,120953,3349,61936130,7849953,20
140050100,Red,Daily,2010-11-04,1,2,2,1076746,0,136470,3349,63012876,7986423,21
140050100,Red,Daily,2010-11-05,1,4,2,2595585,0,328971,3229,65608461,8315394,22
140050100,Red,Daily,2010-11-06,1,4,4,4052880,0,513673,3229,69661341,8829067,23
140050100,Red,Daily,2010-11-07,1,4,4,2003621,0,253944,3229,71664962,9083012,24
140050100,Red,Daily,2010-11-08,1,4,4,534080,0,67691,3229,72199042,9150702,25
140050100,Red,Daily,2010-11-09,1,4,4,637471,0,80795,3229,72836513,9231497,26
140050100,Red,Daily,2010-11-10,1,5,4,692008,0,87707,3229,73528521,9319204,27
140050100,Red,Daily,2010-11-11,1,5,5,1175336,0,148965,3229,74703857,9468169,28
140050100,Red,Daily,2010-11-12,1,7,5,1582182,0,200530,2878,76286039,9668699,29
140050100,Red,Daily,2010-11-13,1,7,7,2288068,0,289996,2878,78574107,9958695,30
140050100,Red,Daily,2010-11-14,1,7,7,1103289,0,139834,2878,79677396,10098529,31
140050100,Red,Daily,2010-11-15,1,7,7,325794,0,41292,2878,80003190,10139821,32
140050100,Red,Daily,2010-11-16,1,6,7,415195,0,52623,2878,80418385,10192444,33
140050100,Red,Daily,2010-11-17,1,6,6,352671,0,44698,2878,80771056,10237143,34
140050100,Red,Daily,2010-11-18,1,6,6,335866,0,42569,2878,81106922,10279711,35
140050100,Red,Daily,2010-11-19,1,8,6,713821,0,90472,2034,81820743,10370183,36
140050100,Red,Daily,2010-11-20,1,8,8,1161648,0,147230,2034,82982391,10517413,37
140050100,Red,Daily,2010-11-21,1,8,8,607574,0,77006,2034,83589965,10594419,38
140050100,Red,Daily,2010-11-22,1,8,8,257531,0,32640,2034,83847496,10627059,39
140050100,Red,Daily,2010-11-23,1,8,8,360334,0,45670,2034,84207830,10672729,40
140050100,Red,Daily,2010-11-24,0,13,8,222170,0,28158,2034,84430000,10700887,41
140050100,Red,Daily,2010-11-25,0,11,13,311727,0,39509,2034,84741727,10740396,42
140050100,Red,Daily,2010-11-26,1,13,11,566614,0,71814,914,85308341,10812211,43
140050100,Red,Daily,2010-11-27,1,14,13,571605,0,72447,914,85879946,10884657,44
140050100,Red,Daily,2010-11-28,1,13,14,237466,0,30097,914,86117412,10914754,45
140050100,Red,Daily,2010-11-29,1,14,13,74854,0,9487,914,86192266,10924242,46
140050100,Red,Daily,2010-11-30,1,13,14,78759,0,9982,914,86271025,10934224,47
140050100,Red,Daily,2010-12-01,1,13,13,71691,0,9086,914,86342716,10943310,48
140050100,Red,Daily,2010-12-02,1,13,13,77256,0,9792,914,86419972,10953102,49
140050100,Red,Daily,2010-12-03,0,15,13,231344,0,29321,779,86651316,10982423,50
140050100,Red,Daily,2010-12-04,0,15,15,348035,0,44111,779,86999351,11026534,51
140050100,Red,Daily,2010-12-05,0,15,15,171561,0,21744,779,87170912,11048278,52
140050100,Red,Daily,2010-12-06,0,15,15,67594,0,8567,779,87238506,11056845,53
140050100,Red,Daily,2010-12-07,0,15,15,76420,0,9686,779,87314926,11066531,54
140050100,Red,Daily,2010-12-08,0,15,15,74970,0,9502,779,87389896,11076032,55
140050100,Red,Daily,2010-12-09,0,15,15,75782,0,9605,779,87465678,11085637,56
140050100,Red,Daily,2010-12-10,1,18,15,134140,0,17001,564,87599818,11102639,57
140050100,Red,Daily,2010-12-11,1,18,18,192992,0,24460,564,87792810,11127099,58
140050100,Red,Daily,2010-12-12,1,18,18,103915,0,13170,564,87896725,11140269,59
140050100,Red,Daily,2010-12-13,1,18,18,43473,0,5510,564,87940198,11145779,60
140050100,Red,Daily,2010-12-14,1,18,18,51660,0,6548,564,87991858,11152327,61
140050100,Red,Daily,2010-12-15,0,18,18,50352,0,6382,564,88042210,11158708,62
140050100,Red,Daily,2010-12-16,0,18,18,51211,0,6491,564,88093421,11165199,63
140050100,Red,Daily,2010-12-17,1,18,18,96562,0,12239,439,88189983,11177438,64
140050100,Red,Daily,2010-12-18,1,18,18,144835,0,18357,439,88334818,11195794,65
140050100,Red,Daily,2010-12-19,1,18,18,95175,0,12063,439,88429993,11207857,66
140050100,Red,Daily,2010-12-20,1,18,18,59537,0,7546,439,88489530,11215403,67
140050100,Red,Daily,2010-12-21,1,17,18,72060,0,9133,439,88561590,11224536,68
140050100,Red,Daily,2010-12-22,0,18,17,61498,0,7794,439,88623088,11232331,69
140050100,Red,Daily,2010-12-23,0,18,18,70632,0,8952,439,88693720,11241283,70
140050100,Red,Daily,2010-12-24,0,20,18,36401,0,4614,330,88730121,11245896,71
140050100,Red,Daily,2010-12-25,0,21,20,70902,0,8986,330,88801023,11254883,72
140050100,Red,Daily,2010-12-26,0,20,21,90530,0,11474,330,88891553,11266357,73
140050100,Red,Daily,2010-12-27,0,20,20,76081,0,9643,330,88967634,11275999,74
140050100,Red,Daily,2010-12-28,0,20,20,80071,0,10148,330,89047705,11286148,75
140050100,Red,Daily,2010-12-29,0,20,20,77791,0,9859,330,89125496,11296007,76
140050100,Red,Daily,2010-12-30,0,19,20,89971,0,11403,330,89215467,11307410,77
140050100,Red,Daily,2010-12-31,0,19,19,80830,0,10245,303,89296297,11317655,78
140050100,Red,Daily,2011-01-01,0,20,19,128768,0,16238,303,89425065,11276805,79
140050100,Red,Daily,2011-01-02,0,20,20,80122,0,10104,303,89505187,11286909,80
140050100,Red,Daily,2011-01-03,0,20,20,39041,0,4923,303,89544228,11291832,81
140050100,Red,Daily,2011-01-04,0,21,20,36394,0,4589,303,89580622,11296421,82
140050100,Red,Daily,2011-01-05,0,21,21,30442,0,3839,303,89611064,11300260,83
140050100,Red,Daily,2011-01-06,0,21,21,31881,0,4020,303,89642945,11304281,84
140050100,Red,Daily,2011-01-07,0,24,21,62715,0,7909,261,89705660,11312189,85
140050100,Red,Daily,2011-01-08,0,26,24,91693,0,11563,261,89797353,11323752,86
140050100,Red,Daily,2011-01-09,0,27,26,45584,0,5748,261,89842937,11329500,87
140050100,Red,Daily,2011-01-10,0,23,27,17255,0,2176,261,89860192,11331676,88
140050100,Red,Daily,2011-01-11,0,24,23,21028,0,2652,261,89881220,11334328,89
140050100,Red,Daily,2011-01-12,0,25,24,19972,0,2519,261,89901192,11336846,90
140050100,Red,Daily,2011-01-13,0,23,25,24132,0,3043,261,89925324,11339890,91
140050100,Red,Daily,2011-01-14,0,29,23,41756,0,5266,206,89967080,11345155,92
140050100,Red,Daily,2011-01-15,0,29,29,57330,0,7230,206,90024410,11352385,93
140050100,Red,Daily,2011-01-16,0,31,29,40922,0,5160,206,90065332,11357545,94
140050100,Red,Daily,2011-01-17,1,29,31,33023,0,4164,206,90098355,11361709,95
140050100,Red,Daily,2011-01-18,0,30,29,13176,0,1662,206,90111531,11363371,96
140050100,Red,Daily,2011-01-19,0,30,30,11118,0,1402,206,90122649,11364773,97
140050100,Red,Daily,2011-01-20,0,29,30,12268,0,1547,206,90134917,11366320,98
140050100,Red,Daily,2011-01-21,0,33,29,31527,0,3976,153,90166444,11370296,99
140050100,Red,Daily,2011-01-22,0,33,33,51448,0,6488,153,90217892,11376783,100
140050100,Red,Daily,2011-01-23,0,34,33,21030,0,2652,153,90238922,11379435,101
140050100,Red,Daily,2011-01-24,0,32,34,9418,0,1188,153,90248340,11380623,102
140050100,Red,Daily,2011-01-25,0,32,32,10271,0,1295,153,90258611,11381918,103
140050100,Red,Daily,2011-01-26,0,33,32,8809,0,1111,153,90267420,11383029,104
140050100,Red,Daily,2011-01-27,0,32,33,10924,0,1378,153,90278344,11384407,105
140050100,Red,Daily,2011-01-28,0,34,32,23663,0,2984,119,90302007,11387391,106
140050100,Red,Daily,2011-01-29,0,35,34,36839,0,4646,119,90338846,11392036,107
140050100,Red,Daily,2011-01-30,0,36,35,18011,0,2271,119,90356857,11394307,108
140050100,Red,Daily,2011-01-31,0,32,36,5030,0,634,119,90361887,11394942,109
140050100,Red,Daily,2011-02-01,0,32,32,5633,0,710,119,90367520,11395652,110
140050100,Red,Daily,2011-02-02,0,32,32,5894,0,743,119,90373414,11396395,111
140050100,Red,Daily,2011-02-03,0,32,32,6748,0,851,119,90380162,11397246,112
140070100,The Warrior's Way,Daily,2010-12-03,1,9,0,1119875,0,141936,1622,1119875,141936,1
140070100,The Warrior's Way,Daily,2010-12-04,1,9,9,1160773,0,147120,1622,2280648,289056,2
140070100,The Warrior's Way,Daily,2010-12-05,1,9,9,768017,0,97341,1622,3048665,386396,3
140070100,The Warrior's Way,Daily,2010-12-06,1,8,9,257147,0,32592,1622,3305812,418988,4
140070100,The Warrior's Way,Daily,2010-12-07,1,10,8,259949,0,32947,1622,3565761,451934,5
140070100,The Warrior's Way,Daily,2010-12-08,1,11,10,209860,0,26598,1622,3775621,478532,6
140070100,The Warrior's Way,Daily,2010-12-09,1,11,11,201185,0,25499,1622,3976806,504031,7
140070100,The Warrior's Way,Daily,2010-12-10,1,14,11,289278,0,36664,1622,4266084,540695,8
140070100,The Warrior's Way,Daily,2010-12-11,1,14,14,398969,0,50566,1622,4665053,591261,9
140070100,The Warrior's Way,Daily,2010-12-12,1,12,14,287294,0,36412,1622,4952347,627674,10
140070100,The Warrior's Way,Daily,2010-12-13,1,12,12,117079,0,14839,1622,5069426,642513,11
140070100,The Warrior's Way,Daily,2010-12-14,1,14,12,125404,0,15894,1622,5194830,658407,12
140070100,The Warrior's Way,Daily,2010-12-15,1,13,14,116197,0,14727,1622,5311027,673134,13
140070100,The Warrior's Way,Daily,2010-12-16,1,14,13,108790,0,13788,1622,5419817,686922,14
140070100,The Warrior's Way,Daily,2010-12-17,0,27,14,24398,0,3092,217,5444215,690015,15
140070100,The Warrior's Way,Daily,2010-12-18,0,29,27,31312,0,3969,217,5475527,693983,16
140070100,The Warrior's Way,Daily,2010-12-19,0,28,29,28861,0,3658,217,5504388,697641,17
140070100,The Warrior's Way,Daily,2010-12-20,0,29,28,15263,0,1934,217,5519651,699576,18
140070100,The Warrior's Way,Daily,2010-12-21,0,29,29,17114,0,2169,217,5536765,701745,19
140070100,The Warrior's Way,Daily,2010-12-22,0,42,29,2993,0,379,34,5539758,702124,20
140070100,The Warrior's Way,Daily,2010-12-23,0,42,42,3151,0,399,34,5542909,702523,21
140070100,The Warrior's Way,Daily,2010-12-24,0,40,42,2926,0,371,34,5545835,702894,22
140070100,The Warrior's Way,Daily,2010-12-25,0,41,40,2165,0,274,34,5548000,703169,23
140070100,The Warrior's Way,Daily,2010-12-26,0,44,41,1732,0,220,34,5549732,703388,24
140070100,The Warrior's Way,Daily,2010-12-27,0,44,44,1646,0,209,34,5551378,703597,25
140070100,The Warrior's Way,Daily,2010-12-28,0,44,44,1399,0,177,34,5552777,703774,26
140070100,The Warrior's Way,Daily,2010-12-29,0,47,44,1483,0,188,34,5554260,703962,27
140070100,The Warrior's Way,Daily,2010-12-30,0,47,47,1611,0,204,34,5555871,704166,28
140070100,The Warrior's Way,Daily,2010-12-31,0,44,47,3524,0,447,38,5559395,704613,29
140070100,The Warrior's Way,Daily,2011-01-01,0,44,44,6350,0,801,38,5565745,701859,30
140070100,The Warrior's Way,Daily,2011-01-02,0,45,44,3556,0,448,38,5569301,702308,31
140070100,The Warrior's Way,Daily,2011-01-03,0,43,45,2090,0,264,38,5571391,702571,32
140070100,The Warrior's Way,Daily,2011-01-04,0,43,43,1395,0,176,38,5572786,702747,33
140070100,The Warrior's Way,Daily,2011-01-05,0,42,43,1279,0,161,38,5574065,702909,34
140070100,The Warrior's Way,Daily,2011-01-06,0,42,42,1259,0,159,38,5575324,703067,35
140070100,The Warrior's Way,Daily,2011-01-07,0,36,42,11318,0,1427,32,5586642,704495,36
140070100,The Warrior's Way,Daily,2011-01-08,0,38,36,13247,0,1670,32,5599889,706165,37
140070100,The Warrior's Way,Daily,2011-01-09,0,39,38,5031,0,634,32,5604920,706799,38
140070100,The Warrior's Way,Daily,2011-01-10,0,38,39,2126,0,268,32,5607046,707068,39
140070100,The Warrior's Way,Daily,2011-01-11,0,38,38,2073,0,261,32,5609119,707329,40
140070100,The Warrior's Way,Daily,2011-01-12,0,38,38,1765,0,223,32,5610884,707552,41
140070100,The Warrior's Way,Daily,2011-01-13,0,38,38,1918,0,242,32,5612802,707793,42
140070100,The Warrior's Way,Daily,2011-01-14,0,39,38,5574,0,703,77,5618376,708496,43
140070100,The Warrior's Way,Daily,2011-01-15,0,38,39,9437,0,1190,77,5627813,709686,44
140070100,The Warrior's Way,Daily,2011-01-16,0,38,38,8842,0,1115,77,5636655,710801,45
140070100,The Warrior's Way,Daily,2011-01-17,1,48,38,4798,0,605,77,5641453,711406,46
140070100,The Warrior's Way,Daily,2011-01-18,0,38,48,2554,0,322,77,5644007,711728,47
140070100,The Warrior's Way,Daily,2011-01-19,0,36,38,2475,0,312,77,5646482,712041,48
140070100,The Warrior's Way,Daily,2011-01-20,0,37,36,2336,0,295,77,5648818,712335,49
140070100,The Warrior's Way,Daily,2011-01-21,0,42,37,2252,0,284,29,5651070,712619,50
140070100,The Warrior's Way,Daily,2011-01-22,0,42,42,3767,0,475,29,5654837,713094,51
140070100,The Warrior's Way,Daily,2011-01-23,0,42,42,1950,0,246,29,5656787,713340,52
140070100,The Warrior's Way,Daily,2011-01-24,0,39,42,827,0,104,29,5657614,713444,53
140070100,The Warrior's Way,Daily,2011-01-25,0,41,39,692,0,87,29,5658306,713532,54
140070100,The Warrior's Way,Daily,2011-01-26,0,40,41,845,0,107,29,5659151,713638,55
140070100,The Warrior's Way,Daily,2011-01-27,0,41,40,754,0,95,29,5659905,713733,56
140070100,The Warrior's Way,Daily,2011-01-28,0,43,41,954,0,120,28,5660859,713854,57
140070100,The Warrior's Way,Daily,2011-01-29,0,43,43,1841,0,232,28,5662700,714086,58
140070100,The Warrior's Way,Daily,2011-01-30,0,41,43,1551,0,196,28,5664251,714281,59
140070100,The Warrior's Way,Daily,2011-01-31,0,39,41,470,0,59,28,5664721,714341,60
140070100,The Warrior's Way,Daily,2011-02-01,0,39,39,441,0,56,28,5665162,714396,61
140070100,The Warrior's Way,Daily,2011-02-02,0,39,39,701,0,88,28,5665863,714485,62
140070100,The Warrior's Way,Daily,2011-02-03,0,40,39,477,0,60,28,5666340,714545,63
140080100,Stone,Daily,2010-10-08,0,35,0,23241,0,2946,6,23241,2946,1
140080100,Stone,Daily,2010-10-09,0,36,35,31161,0,3949,6,54402,6895,2
140080100,Stone,Daily,2010-10-10,0,36,36,21364,0,2708,6,75766,9603,3
140080100,Stone,Daily,2010-10-11,0,32,36,10818,0,1371,6,86584,10974,4
140080100,Stone,Daily,2010-10-12,0,28,32,9980,0,1265,6,96564,12239,5
140080100,Stone,Daily,2010-10-13,0,31,28,8234,0,1044,6,104798,13282,6
140080100,Stone,Daily,2010-10-14,0,31,31,8343,0,1057,6,113141,14340,7
140080100,Stone,Daily,2010-10-15,0,25,31,67552,0,8562,41,180693,22902,8
140080100,Stone,Daily,2010-10-16,0,24,25,98274,0,12456,41,278967,35357,9
140080100,Stone,Daily,2010-10-17,0,26,24,64133,0,8128,41,343100,43485,10
140080100,Stone,Daily,2010-10-18,0,27,26,21434,0,2717,41,364534,46202,11
140080100,Stone,Daily,2010-10-19,0,26,27,23124,0,2931,41,387658,49133,12
140080100,Stone,Daily,2010-10-20,0,29,26,19419,0,2461,41,407077,51594,13
140080100,Stone,Daily,2010-10-21,0,29,29,16896,0,2141,41,423973,53735,14
140080100,Stone,Daily,2010-10-22,0,20,29,100604,0,12751,113,524577,66486,15
140080100,Stone,Daily,2010-10-23,0,21,20,156080,0,19782,113,680657,86268,16
140080100,Stone,Daily,2010-10-24,0,19,21,104456,0,13239,113,785113,99507,17
140080100,Stone,Daily,2010-10-25,0,18,19,37420,0,4743,113,822533,104250,18
140080100,Stone,Daily,2010-10-26,0,16,18,41898,0,5310,113,864431,109560,19
140080100,Stone,Daily,2010-10-27,0,17,16,38173,0,4838,113,902604,114398,20
140080100,Stone,Daily,2010-10-28,0,20,17,34793,0,4410,113,937397,118808,21
140080100,Stone,Daily,2010-10-29,0,22,20,77107,0,9773,125,1014504,128581,22
140080100,Stone,Daily,2010-10-30,0,22,22,103714,0,13145,125,1118218,141726,23
140080100,Stone,Daily,2010-10-31,0,21,22,65873,0,8349,125,1184091,150075,24
140080100,Stone,Daily,2010-11-01,0,20,21,30390,0,3852,125,1214481,153927,25
140080100,Stone,Daily,2010-11-02,0,20,20,34688,0,4396,125,1249169,158323,26
140080100,Stone,Daily,2010-11-03,0,19,20,31269,0,3963,125,1280438,162286,27
140080100,Stone,Daily,2010-11-04,0,19,19,33579,0,4256,125,1314017,166542,28
140080100,Stone,Daily,2010-11-05,0,25,19,51834,0,6570,109,1365851,173112,29
140080100,Stone,Daily,2010-11-06,0,25,25,78188,0,9910,109,1444039,183021,30
140080100,Stone,Daily,2010-11-07,0,24,25,46275,0,5865,109,1490314,188886,31
140080100,Stone,Daily,2010-11-08,0,23,24,16584,0,2102,109,1506898,190988,32
140080100,Stone,Daily,2010-11-09,0,22,23,21296,0,2699,109,1528194,193687,33
140080100,Stone,Daily,2010-11-10,0,25,22,17983,0,2279,109,1546177,195967,34
140080100,Stone,Daily,2010-11-11,0,27,25,20248,0,2566,109,1566425,198533,35
140080100,Stone,Daily,2010-11-12,0,28,27,22138,0,2806,87,1588563,201339,36
140080100,Stone,Daily,2010-11-13,0,28,28,32241,0,4086,87,1620804,205425,37
140080100,Stone,Daily,2010-11-14,0,29,28,19692,0,2496,87,1640496,207921,38
140080100,Stone,Daily,2010-11-15,0,24,29,8653,0,1097,87,1649149,209018,39
140080100,Stone,Daily,2010-11-16,0,24,24,10427,0,1322,87,1659576,210339,40
140080100,Stone,Daily,2010-11-17,0,24,24,8885,0,1126,87,1668461,211465,41
140080100,Stone,Daily,2010-11-18,0,24,24,9049,0,1147,87,1677510,212612,42
140080100,Stone,Daily,2010-11-19,0,31,24,9318,0,1181,55,1686828,213793,43
140080100,Stone,Daily,2010-11-20,0,31,31,14912,0,1890,55,1701740,215683,44
140080100,Stone,Daily,2010-11-21,0,30,31,10091,0,1279,55,1711831,216962,45
140080100,Stone,Daily,2010-11-22,0,30,30,4118,0,522,55,1715949,217484,46
140080100,Stone,Daily,2010-11-23,0,30,30,5472,0,694,55,1721421,218178,47
140080100,Stone,Daily,2010-11-24,0,40,30,2277,0,289,23,1723698,218466,48
140080100,Stone,Daily,2010-11-25,0,40,40,1685,0,214,23,1725383,218680,49
140080100,Stone,Daily,2010-11-26,0,39,40,5645,0,715,23,1731028,219395,50
140080100,Stone,Daily,2010-11-27,0,39,39,6943,0,880,23,1737971,220275,51
140080100,Stone,Daily,2010-11-28,0,39,39,4094,0,519,23,1742065,220794,52
140080100,Stone,Daily,2010-11-29,0,37,39,1402,0,178,23,1743467,220972,53
140080100,Stone,Daily,2010-11-30,0,38,37,2052,0,260,23,1745519,221232,54
140080100,Stone,Daily,2010-12-01,0,38,38,1447,0,183,23,1746966,221415,55
140080100,Stone,Daily,2010-12-02,0,38,38,1807,0,229,23,1748773,221644,56
140080100,Stone,Daily,2010-12-03,0,38,38,4068,0,516,22,1752841,222160,57
140080100,Stone,Daily,2010-12-04,0,39,38,4871,0,617,22,1757712,222777,58
140080100,Stone,Daily,2010-12-05,0,38,39,3725,0,472,22,1761437,223249,59
140080100,Stone,Daily,2010-12-06,0,38,38,1512,0,192,22,1762949,223441,60
140080100,Stone,Daily,2010-12-07,0,38,38,2738,0,347,22,1765687,223788,61
140080100,Stone,Daily,2010-12-08,0,39,38,1746,0,221,22,1767433,224009,62
140080100,Stone,Daily,2010-12-09,0,39,39,1284,0,163,22,1768717,224172,63
140080100,Stone,Daily,2010-12-10,0,44,39,2498,0,317,19,1771215,224489,64
140080100,Stone,Daily,2010-12-11,0,42,44,3648,0,462,19,1774863,224951,65
140080100,Stone,Daily,2010-12-12,0,42,42,2412,0,306,19,1777275,225257,66
140080100,Stone,Daily,2010-12-13,0,40,42,958,0,121,19,1778233,225378,67
140080100,Stone,Daily,2010-12-14,0,39,40,1424,0,180,19,1779657,225559,68
140080100,Stone,Daily,2010-12-15,0,39,39,1319,0,167,19,1780976,225726,69
140080100,Stone,Daily,2010-12-16,0,40,39,1111,0,141,19,1782087,225867,70
140080100,Stone,Daily,2010-12-17,0,41,40,4081,0,517,64,1786168,226384,71
140080100,Stone,Daily,2010-12-18,0,41,41,5420,0,687,64,1791588,227071,72
140080100,Stone,Daily,2010-12-19,0,41,41,4436,0,562,64,1796024,227633,73
140080100,Stone,Daily,2010-12-20,0,40,41,2401,0,304,64,1798425,227937,74
140080100,Stone,Daily,2010-12-21,0,40,40,2934,0,372,64,1801359,228309,75
140080100,Stone,Daily,2010-12-22,0,45,40,680,0,86,26,1802039,228395,76
140080100,Stone,Daily,2010-12-23,0,46,45,948,0,120,26,1802987,228515,77
140080100,Stone,Daily,2010-12-24,0,44,46,594,0,75,26,1803581,228591,78
140080100,Stone,Daily,2010-12-25,0,43,44,1493,0,189,26,1805074,228780,79
140080100,Stone,Daily,2010-12-26,0,45,43,1309,0,166,26,1806383,228946,80
140080100,Stone,Daily,2010-12-27,0,45,45,960,0,122,26,1807343,229068,81
140080100,Stone,Daily,2010-12-28,0,45,45,941,0,119,26,1808284,229187,82
140080100,Stone,Daily,2010-12-29,0,48,45,875,0,111,26,1809159,229298,83
140080100,Stone,Daily,2010-12-30,0,48,48,919,0,116,26,1810078,229414,84
140090100,Frankenweenie,Daily,2012-10-05,1,5,0,3324779,0,419266,3005,3324779,419266,1
140090100,Frankenweenie,Daily,2012-10-06,1,5,5,4562041,0,575289,3005,7886820,994555,2
140090100,Frankenweenie,Daily,2012-10-07,1,4,5,3525393,0,444564,3005,11412213,1439119,3
140090100,Frankenweenie,Daily,2012-10-08,1,5,4,1662450,0,209641,3005,13074663,1648760,4
140090100,Frankenweenie,Daily,2012-10-09,1,5,5,757380,0,95508,3005,13832043,1744268,5
140090100,Frankenweenie,Daily,2012-10-10,1,5,5,590395,0,74451,3005,14422438,1818719,6
140090100,Frankenweenie,Daily,2012-10-11,1,5,5,598230,0,75439,3005,15020668,1894158,7
140090100,Frankenweenie,Daily,2012-10-12,1,8,5,1801916,0,227228,3005,16822584,2121386,8
140090100,Frankenweenie,Daily,2012-10-13,1,7,8,3093876,0,390148,3005,19916460,2511534,9
140090100,Frankenweenie,Daily,2012-10-14,1,7,7,2158542,0,272199,3005,22075002,2783733,10
140090100,Frankenweenie,Daily,2012-10-15,1,8,7,453888,0,57237,3005,22528890,2840970,11
140090100,Frankenweenie,Daily,2012-10-16,1,8,8,475800,0,60000,3005,23004690,2900970,12
140090100,Frankenweenie,Daily,2012-10-17,1,8,8,419377,0,52885,3005,23424067,2953855,13
140090100,Frankenweenie,Daily,2012-10-18,1,8,8,485354,0,61205,3005,23909421,3015060,14
140090100,Frankenweenie,Daily,2012-10-19,1,10,8,1161701,0,146494,2362,25071122,3161554,15
140090100,Frankenweenie,Daily,2012-10-20,1,9,10,1902477,0,239909,2362,26973599,3401463,16
140090100,Frankenweenie,Daily,2012-10-21,1,9,9,1265180,0,159544,2362,28238779,3561007,17
140090100,Frankenweenie,Daily,2012-10-22,1,11,9,267945,0,33789,2362,28506724,3594796,18
140090100,Frankenweenie,Daily,2012-10-23,1,11,11,299508,0,37769,2362,28806232,3632565,19
140090100,Frankenweenie,Daily,2012-10-24,1,11,11,251212,0,31679,2362,29057444,3664244,20
140090100,Frankenweenie,Daily,2012-10-25,1,11,11,284963,0,35935,2362,29342407,3700179,21
140090100,Frankenweenie,Daily,2012-10-26,1,14,11,607569,0,76617,1738,29949976,3776796,22
140090100,Frankenweenie,Daily,2012-10-27,0,12,14,1044356,0,131697,1738,30994332,3908493,23
140090100,Frankenweenie,Daily,2012-10-28,1,12,12,804425,0,101441,1738,31798757,4009934,24
140100100,John Carter,Daily,2012-03-09,1,1,0,9811935,0,1237318,3749,9811935,1237318,1
140100100,John Carter,Daily,2012-03-10,1,2,1,12327417,0,1554529,3749,22139352,2791848,2
140100100,John Carter,Daily,2012-03-11,1,2,2,8040836,0,1013977,3749,30180188,3805824,3
140100100,John Carter,Daily,2012-03-12,1,2,2,2534120,0,319561,3749,32714308,4125386,4
140100100,John Carter,Daily,2012-03-13,1,2,2,2800948,0,353209,3749,35515256,4478595,5
140100100,John Carter,Daily,2012-03-14,1,2,2,2038339,0,257041,3749,37553595,4735636,6
140100100,John Carter,Daily,2012-03-15,1,2,2,2103858,0,265304,3749,39657453,5000940,7
140100100,John Carter,Daily,2012-03-16,1,3,2,3968487,0,500440,3749,43625940,5501380,8
140100100,John Carter,Daily,2012-03-17,1,3,3,5721170,0,721459,3749,49347110,6222839,9
140100100,John Carter,Daily,2012-03-18,1,3,3,3880138,0,489299,3749,53227248,6712137,10
140100100,John Carter,Daily,2012-03-19,1,3,3,1090084,0,137463,3749,54317332,6849601,11
140100100,John Carter,Daily,2012-03-20,1,3,3,1221862,0,154081,3749,55539194,7003681,12
140100100,John Carter,Daily,2012-03-21,1,3,3,932199,0,117553,3749,56471393,7121235,13
140100100,John Carter,Daily,2012-03-22,1,3,3,861987,0,108699,3749,57333380,7229934,14
140100100,John Carter,Daily,2012-03-23,1,4,3,1367110,0,172397,3212,58700490,7402332,15
140100100,John Carter,Daily,2012-03-24,1,4,4,2236991,0,282092,3212,60937481,7684424,16
140100100,John Carter,Daily,2012-03-25,1,4,4,1469731,0,185338,3212,62407212,7869762,17
140100100,John Carter,Daily,2012-03-26,1,4,4,424500,0,53531,3212,62831712,7923293,18
140100100,John Carter,Daily,2012-03-27,1,4,4,512303,0,64603,3212,63344015,7987896,19
140100100,John Carter,Daily,2012-03-28,1,4,4,423673,0,53427,3212,63767688,8041323,20
140100100,John Carter,Daily,2012-03-29,1,4,4,436651,0,55063,3212,64204339,8096386,21
140100100,John Carter,Daily,2012-03-30,1,6,4,544834,0,68705,2397,64749173,8165091,22
140100100,John Carter,Daily,2012-03-31,1,6,6,891823,0,112462,2397,65640996,8277553,23
140100100,John Carter,Daily,2012-04-01,1,6,6,592843,0,74760,2397,66233839,8352313,24
140100100,John Carter,Daily,2012-04-02,1,6,6,205261,0,25884,2397,66439100,8378197,25
140100100,John Carter,Daily,2012-04-03,1,6,6,274231,0,34581,2397,66713331,8412778,26
140100100,John Carter,Daily,2012-04-04,1,7,6,193582,0,24411,2397,66906913,8437189,27
140100100,John Carter,Daily,2012-04-05,1,7,7,246434,0,31076,2397,67153347,8468265,28
140100100,John Carter,Daily,2012-04-06,1,9,7,292732,0,36915,1015,67446079,8505180,29
140100100,John Carter,Daily,2012-04-07,1,9,9,327425,0,41289,1015,67773504,8546469,30
140100100,John Carter,Daily,2012-04-08,1,9,9,210148,0,26500,1015,67983652,8572969,31
140100100,John Carter,Daily,2012-04-09,1,8,9,121261,0,15291,1015,68104913,8588260,32
140100100,John Carter,Daily,2012-04-10,1,9,8,102917,0,12978,1015,68207830,8601238,33
140100100,John Carter,Daily,2012-04-11,1,9,9,95703,0,12068,1015,68303533,8613306,34
140100100,John Carter,Daily,2012-04-12,1,9,9,97478,0,12292,1015,68401011,8625598,35
140110100,Dolphin Tale,Daily,2011-09-23,1,3,0,5097129,0,639539,3507,5097129,639539,1
140110100,Dolphin Tale,Daily,2011-09-24,1,2,3,8636208,0,1083589,3507,13733337,1723129,2
140110100,Dolphin Tale,Daily,2011-09-25,1,2,2,5419064,0,679933,3507,19152401,2403062,3
140110100,Dolphin Tale,Daily,2011-09-26,1,4,2,744331,0,93392,3507,19896732,2496453,4
140110100,Dolphin Tale,Daily,2011-09-27,1,4,4,879063,0,110296,3507,20775795,2606750,5
140110100,Dolphin Tale,Daily,2011-09-28,1,3,4,833197,0,104542,3507,21608992,2711291,6
140110100,Dolphin Tale,Daily,2011-09-29,1,3,3,1662385,0,208580,3507,23271377,2919872,7
140110100,Dolphin Tale,Daily,2011-09-30,1,2,3,3486960,0,437511,3515,26758337,3357382,8
140110100,Dolphin Tale,Daily,2011-10-01,1,1,2,6522453,0,818376,3515,33280790,4175758,9
140110100,Dolphin Tale,Daily,2011-10-02,1,1,1,3903006,0,489712,3515,37183796,4665470,10
140110100,Dolphin Tale,Daily,2011-10-03,1,3,1,611019,0,77052,3515,37794815,4766055,11
140110100,Dolphin Tale,Daily,2011-10-04,1,3,3,784085,0,98876,3515,38578900,4864931,12
140110100,Dolphin Tale,Daily,2011-10-05,1,3,3,652271,0,82254,3515,39231171,4947184,13
140110100,Dolphin Tale,Daily,2011-10-06,1,3,3,678474,0,85558,3515,39909645,5032742,14
140110100,Dolphin Tale,Daily,2011-10-07,1,3,3,2408305,0,303695,3478,42317950,5336438,15
140110100,Dolphin Tale,Daily,2011-10-08,1,3,3,3952798,0,498461,3478,46270748,5834899,16
140110100,Dolphin Tale,Daily,2011-10-09,1,3,3,2769988,0,349305,3478,49040736,6184204,17
140110100,Dolphin Tale,Daily,2011-10-10,1,2,3,1715485,0,216328,3478,50756221,6400532,18
140110100,Dolphin Tale,Daily,2011-10-11,1,5,2,555417,0,70040,3478,51311638,6470572,19
140110100,Dolphin Tale,Daily,2011-10-12,1,5,5,467259,0,58923,3478,51778897,6529495,20
140110100,Dolphin Tale,Daily,2011-10-13,1,5,5,548084,0,69115,3478,52326981,6598610,21
140110100,Dolphin Tale,Daily,2011-10-14,1,6,5,1683409,0,212284,3286,54010390,6810894,22
140110100,Dolphin Tale,Daily,2011-10-15,1,5,6,2827395,0,356544,3286,56837785,7167438,23
140110100,Dolphin Tale,Daily,2011-10-16,1,4,5,1722381,0,217198,3286,58560166,7384636,24
140110100,Dolphin Tale,Daily,2011-10-17,1,7,4,362495,0,45712,3286,58922661,7430348,25
140110100,Dolphin Tale,Daily,2011-10-18,1,7,7,391490,0,49368,3286,59314151,7479716,26
140110100,Dolphin Tale,Daily,2011-10-19,1,7,7,388365,0,48974,3286,59702516,7528691,27
140110100,Dolphin Tale,Daily,2011-10-20,1,5,7,488159,0,61559,3286,60190675,7590249,28
140110100,Dolphin Tale,Daily,2011-10-21,1,7,5,1246449,0,157181,2828,61437124,7747431,29
140110100,Dolphin Tale,Daily,2011-10-22,1,6,7,1849605,0,233241,2828,63286729,7980672,30
140110100,Dolphin Tale,Daily,2011-10-23,1,5,6,1121206,0,141388,2828,64407935,8122060,31
140110100,Dolphin Tale,Daily,2011-10-24,1,9,5,231371,0,29177,2828,64639306,8151237,32
140110100,Dolphin Tale,Daily,2011-10-25,1,10,9,233263,0,29415,2828,64872569,8180652,33
140110100,Dolphin Tale,Daily,2011-10-26,1,9,10,231136,0,29147,2828,65103705,8209799,34
140110100,Dolphin Tale,Daily,2011-10-27,1,7,9,298159,0,37599,2828,65401864,8247398,35
140110100,Dolphin Tale,Daily,2011-10-28,1,12,7,445949,0,56236,1838,65847813,8303633,36
140110100,Dolphin Tale,Daily,2011-10-29,1,12,12,719515,0,90733,1838,66567328,8394367,37
140110100,Dolphin Tale,Daily,2011-10-30,1,12,12,467965,0,59012,1838,67035293,8453379,38
140110100,Dolphin Tale,Daily,2011-10-31,1,11,12,177143,0,22338,1838,67212436,8475717,39
140110100,Dolphin Tale,Daily,2011-11-01,0,13,11,140417,0,17707,1838,67352853,8493424,40
140110100,Dolphin Tale,Daily,2011-11-02,1,13,13,116229,0,14657,1838,67469082,8508081,41
140110100,Dolphin Tale,Daily,2011-11-03,1,12,13,126035,0,15893,1838,67595117,8523974,42
140110100,Dolphin Tale,Daily,2011-11-04,1,15,12,239013,0,30140,1105,67834130,8554115,43
140110100,Dolphin Tale,Daily,2011-11-05,1,14,15,478050,0,60284,1105,68312180,8614398,44
140110100,Dolphin Tale,Daily,2011-11-06,1,14,14,305203,0,38487,1105,68617383,8652886,45
140110100,Dolphin Tale,Daily,2011-11-07,1,15,14,63060,0,7952,1105,68680443,8660838,46
140110100,Dolphin Tale,Daily,2011-11-08,1,14,15,96487,0,12167,1105,68776930,8673005,47
140110100,Dolphin Tale,Daily,2011-11-09,0,16,14,58491,0,7376,1105,68835421,8680381,48
140110100,Dolphin Tale,Daily,2011-11-10,1,15,16,105357,0,13286,1105,68940778,8693667,49
140110100,Dolphin Tale,Daily,2011-11-11,0,15,15,257708,0,32498,705,69198486,8726165,50
140110100,Dolphin Tale,Daily,2011-11-12,0,15,15,267232,0,33699,705,69465718,8759864,51
140110100,Dolphin Tale,Daily,2011-11-13,0,15,15,168354,0,21230,705,69634072,8781094,52
140110100,Dolphin Tale,Daily,2011-11-14,0,22,15,29631,0,3737,705,69663703,8784830,53
140110100,Dolphin Tale,Daily,2011-11-15,0,23,22,31112,0,3923,705,69694815,8788753,54
140110100,Dolphin Tale,Daily,2011-11-16,0,23,23,28001,0,3531,705,69722816,8792284,55
140110100,Dolphin Tale,Daily,2011-11-17,0,23,23,33321,0,4202,705,69756137,8796486,56
140110100,Dolphin Tale,Daily,2011-11-18,0,22,23,59540,0,7508,388,69815677,8803995,57
140110100,Dolphin Tale,Daily,2011-11-19,0,19,22,118160,0,14900,388,69933837,8818895,58
140110100,Dolphin Tale,Daily,2011-11-20,0,19,19,83291,0,10503,388,70017128,8829398,59
140110100,Dolphin Tale,Daily,2011-11-21,0,17,19,41646,0,5252,388,70058774,8834650,60
140110100,Dolphin Tale,Daily,2011-11-22,0,17,17,52307,0,6596,388,70111081,8841246,61
140110100,Dolphin Tale,Daily,2011-11-23,0,20,17,44510,0,5613,216,70155591,8846859,62
140110100,Dolphin Tale,Daily,2011-11-24,0,27,20,21810,0,2750,216,70177401,8849609,63
140110100,Dolphin Tale,Daily,2011-11-25,0,25,27,71438,0,9009,216,70248839,8858618,64
140110100,Dolphin Tale,Daily,2011-11-26,0,25,25,72055,0,9086,216,70320894,8867704,65
140110100,Dolphin Tale,Daily,2011-11-27,0,25,25,42361,0,5342,216,70363255,8873046,66
140110100,Dolphin Tale,Daily,2011-11-28,0,27,25,9320,0,1175,216,70372575,8874221,67
140110100,Dolphin Tale,Daily,2011-11-29,0,28,27,8813,0,1111,216,70381388,8875333,68
140110100,Dolphin Tale,Daily,2011-11-30,0,29,28,8139,0,1026,216,70389527,8876359,69
140110100,Dolphin Tale,Daily,2011-12-01,0,28,29,10071,0,1270,216,70399598,8877629,70
140110100,Dolphin Tale,Daily,2011-12-02,0,19,28,82328,0,10382,410,70481926,8888011,71
140110100,Dolphin Tale,Daily,2011-12-03,0,18,19,139611,0,17605,410,70621537,8905616,72
140110100,Dolphin Tale,Daily,2011-12-04,0,18,18,93339,0,11770,410,70714876,8917387,73
140110100,Dolphin Tale,Daily,2011-12-05,0,20,18,19602,0,2472,410,70734478,8919859,74
140110100,Dolphin Tale,Daily,2011-12-06,0,22,20,24482,0,3087,410,70758960,8922946,75
140110100,Dolphin Tale,Daily,2011-12-07,0,22,22,19586,0,2470,410,70778546,8925416,76
140110100,Dolphin Tale,Daily,2011-12-08,0,22,22,20369,0,2569,410,70798915,8927984,77
140110100,Dolphin Tale,Daily,2011-12-09,0,19,22,69517,0,8766,342,70868432,8936751,78
140110100,Dolphin Tale,Daily,2011-12-10,0,16,19,126070,0,15898,342,70994502,8952648,79
140110100,Dolphin Tale,Daily,2011-12-11,0,19,16,74150,0,9351,342,71068652,8961999,80
140110100,Dolphin Tale,Daily,2011-12-12,0,21,19,16013,0,2019,342,71084665,8964018,81
140110100,Dolphin Tale,Daily,2011-12-13,0,22,21,18996,0,2395,342,71103661,8966414,82
140110100,Dolphin Tale,Daily,2011-12-14,0,23,22,16337,0,2060,342,71119998,8968474,83
140110100,Dolphin Tale,Daily,2011-12-15,0,23,23,17770,0,2241,342,71137768,8970715,84
140110100,Dolphin Tale,Daily,2011-12-16,0,22,23,47261,0,5960,281,71185029,8976675,85
140110100,Dolphin Tale,Daily,2011-12-17,0,20,22,87406,0,11022,281,71272435,8987697,86
140110100,Dolphin Tale,Daily,2011-12-18,0,20,20,58425,0,7368,281,71330860,8995064,87
140110100,Dolphin Tale,Daily,2011-12-19,0,20,20,39477,0,4978,281,71370337,9000042,88
140110100,Dolphin Tale,Daily,2011-12-20,0,18,20,56831,0,7167,281,71427168,9007209,89
140110100,Dolphin Tale,Daily,2011-12-21,0,20,18,39036,0,4923,250,71466204,9012132,90
140110100,Dolphin Tale,Daily,2011-12-22,0,21,20,44952,0,5669,250,71511156,9017800,91
140110100,Dolphin Tale,Daily,2011-12-23,0,26,21,39177,0,4940,188,71550333,9022741,92
140110100,Dolphin Tale,Daily,2011-12-24,0,26,26,17940,0,2262,188,71568273,9025003,93
140110100,Dolphin Tale,Daily,2011-12-25,0,30,26,18976,0,2393,188,71587249,9027396,94
140110100,Dolphin Tale,Daily,2011-12-26,0,30,30,49954,0,6299,188,71637203,9033695,95
140110100,Dolphin Tale,Daily,2011-12-27,0,24,30,56448,0,7118,188,71693651,9040813,96
140110100,Dolphin Tale,Daily,2011-12-28,0,24,24,57012,0,7189,188,71750663,9048003,97
140110100,Dolphin Tale,Daily,2011-12-29,0,23,24,61003,0,7693,188,71811666,9055696,98
140110100,Dolphin Tale,Daily,2011-12-30,0,27,23,64759,0,8166,188,71876425,9063862,99
140110100,Dolphin Tale,Daily,2011-12-31,0,26,27,46291,0,5837,188,71922716,9069699,100
140110100,Dolphin Tale,Daily,2012-01-01,0,30,26,41076,0,5180,188,71963792,9074879,101
140110100,Dolphin Tale,Daily,2012-01-02,0,27,30,52177,0,6580,188,72015969,9081459,102
140110100,Dolphin Tale,Daily,2012-01-03,0,23,27,24524,0,3093,188,72040493,9084551,103
140110100,Dolphin Tale,Daily,2012-01-04,0,27,23,15696,0,1979,188,72056189,9086531,104
140110100,Dolphin Tale,Daily,2012-01-05,0,27,27,14284,0,1801,188,72070473,9088332,105
140110100,Dolphin Tale,Daily,2012-01-06,0,34,27,22200,0,2799,149,72092673,9091132,106
140110100,Dolphin Tale,Daily,2012-01-07,0,27,34,45810,0,5777,149,72138483,9096908,107
140110100,Dolphin Tale,Daily,2012-01-08,0,30,27,27336,0,3447,149,72165819,9100355,108
140110100,Dolphin Tale,Daily,2012-01-09,0,30,30,5194,0,655,149,72171013,9101010,109
140110100,Dolphin Tale,Daily,2012-01-10,0,30,30,6544,0,825,149,72177557,9101836,110
140110100,Dolphin Tale,Daily,2012-01-11,0,31,30,5301,0,668,149,72182858,9102504,111
140110100,Dolphin Tale,Daily,2012-01-12,0,31,31,5358,0,676,149,72188216,9103180,112
140110100,Dolphin Tale,Daily,2012-01-13,0,37,31,8244,0,1040,91,72196460,9104219,113
140110100,Dolphin Tale,Daily,2012-01-14,0,35,37,18008,0,2271,91,72214468,9106490,114
140110100,Dolphin Tale,Daily,2012-01-15,0,37,35,14107,0,1779,91,72228575,9108269,115
140110100,Dolphin Tale,Daily,2012-01-16,0,31,37,19199,0,2421,91,72247774,9110690,116
140110100,Dolphin Tale,Daily,2012-01-17,0,35,31,2504,0,316,91,72250278,9111006,117
140110100,Dolphin Tale,Daily,2012-01-18,0,34,35,2194,0,277,91,72252472,9111283,118
140110100,Dolphin Tale,Daily,2012-01-19,0,34,34,2325,0,293,91,72254797,9111576,119
140110100,Dolphin Tale,Daily,2012-01-20,0,39,34,5063,0,638,63,72259860,9112214,120
140110100,Dolphin Tale,Daily,2012-01-21,0,37,39,12872,0,1623,63,72272732,9113838,121
140110100,Dolphin Tale,Daily,2012-01-22,0,38,37,6958,0,877,63,72279690,9114715,122
140110100,Dolphin Tale,Daily,2012-01-23,0,37,38,2202,0,278,63,72281892,9114993,123
140110100,Dolphin Tale,Daily,2012-01-24,0,37,37,1756,0,221,63,72283648,9115214,124
140110100,Dolphin Tale,Daily,2012-01-25,0,38,37,1330,0,168,63,72284978,9115382,125
140110100,Dolphin Tale,Daily,2012-01-26,0,36,38,1801,0,227,63,72286779,9115609,126
181330100,Penguins of Madagascar,Daily,2014-11-26,0,2,0,6138518,0,736917,3654,6138518,736917,1
181330100,Penguins of Madagascar,Daily,2014-11-27,0,2,2,3852885,0,462531,3654,9991403,1199448,2
181330100,Penguins of Madagascar,Daily,2014-11-28,1,2,2,10353640,0,1242934,3764,20345043,2442382,3
181330100,Penguins of Madagascar,Daily,2014-11-29,1,2,2,9595281,0,1151894,3764,29940324,3594276,4
181330100,Penguins of Madagascar,Daily,2014-11-30,1,2,2,5498523,0,660087,3764,35438847,4254363,5
181330100,Penguins of Madagascar,Daily,2014-12-01,1,4,2,810919,0,97349,3764,36249766,4351712,6
181330100,Penguins of Madagascar,Daily,2014-12-02,1,4,4,939641,0,112802,3764,37189407,4464514,7
181330100,Penguins of Madagascar,Daily,2014-12-03,1,4,4,651081,0,78161,3764,37840488,4542675,8
181330100,Penguins of Madagascar,Daily,2014-12-04,1,4,4,650048,0,78037,3764,38490536,4620712,9
181330100,Penguins of Madagascar,Daily,2014-12-05,1,3,4,2405901,0,288823,3775,40896437,4909535,10
181330100,Penguins of Madagascar,Daily,2014-12-06,1,2,3,5300379,0,636300,3775,46196816,5545835,11
181330100,Penguins of Madagascar,Daily,2014-12-07,1,2,2,3200750,0,384244,3775,49397566,5930079,12
181330100,Penguins of Madagascar,Daily,2014-12-08,1,4,2,470040,0,56427,3775,49867606,5986506,13
181330100,Penguins of Madagascar,Daily,2014-12-09,1,4,4,652140,0,78288,3775,50519746,6064794,14
181330100,Penguins of Madagascar,Daily,2014-12-10,1,4,4,508399,0,61032,3775,51028145,6125826,15
181330100,Penguins of Madagascar,Daily,2014-12-11,1,4,4,510564,0,61292,3775,51538709,6187118,16
181330100,Penguins of Madagascar,Daily,2014-12-12,1,4,4,1573175,0,188856,3667,53111884,6375974,17
181330100,Penguins of Madagascar,Daily,2014-12-13,1,3,4,3503849,0,420630,3667,56615733,6796604,18
181330100,Penguins of Madagascar,Daily,2014-12-14,1,3,3,2129269,0,255615,3667,58745002,7052219,19
181330100,Penguins of Madagascar,Daily,2014-12-15,1,6,3,388809,0,46676,3667,59133811,7098895,20
181330100,Penguins of Madagascar,Daily,2014-12-16,1,6,6,550240,0,66055,3667,59684051,7164950,21
181330100,Penguins of Madagascar,Daily,2014-12-17,1,4,6,461130,0,55358,3667,60145181,7220308,22
181330100,Penguins of Madagascar,Daily,2014-12-18,1,4,4,502280,0,60298,3312,60647461,7280606,23
181330100,Penguins of Madagascar,Daily,2014-12-19,1,9,4,879777,0,105615,2717,61527238,7386221,24
181330100,Penguins of Madagascar,Daily,2014-12-20,1,9,9,1459865,0,175254,2717,62987103,7561475,25
181330100,Penguins of Madagascar,Daily,2014-12-21,1,9,9,1136499,0,136434,2717,64123602,7697909,26
181330100,Penguins of Madagascar,Daily,2014-12-22,1,7,9,965012,0,115848,2717,65088614,7813757,27
181330100,Penguins of Madagascar,Daily,2014-12-23,1,7,7,1180182,0,141679,2717,66268796,7955436,28
181330100,Penguins of Madagascar,Daily,2014-12-24,0,7,7,674193,0,80936,2717,66942989,8036372,29
181330100,Penguins of Madagascar,Daily,2014-12-25,0,16,7,731472,0,87812,2033,67674461,8124184,30
181330100,Penguins of Madagascar,Daily,2014-12-26,1,14,16,1044666,0,125410,2033,68719127,8249594,31
181330100,Penguins of Madagascar,Daily,2014-12-27,1,13,14,1205622,0,144733,2033,69924749,8394327,32
181330100,Penguins of Madagascar,Daily,2014-12-28,0,12,13,1023846,0,122911,2033,70948595,8517238,33
181330100,Penguins of Madagascar,Daily,2014-12-29,1,12,12,964890,0,115833,2033,71913485,8633071,34
181330100,Penguins of Madagascar,Daily,2014-12-30,1,11,12,1202486,0,144356,2033,73115971,8777427,35
181330100,Penguins of Madagascar,Daily,2014-12-31,0,12,11,912251,0,109514,2033,74028222,8886941,36
181330100,Penguins of Madagascar,Daily,2015-01-01,1,12,12,1192791,0,143192,2033,75221013,9030133,37
181330100,Penguins of Madagascar,Daily,2015-01-02,1,13,12,1135493,0,136314,1585,76356506,8914343,38
181330100,Penguins of Madagascar,Daily,2015-01-03,1,13,13,1055298,0,126686,1585,77411804,9041029,39
181330100,Penguins of Madagascar,Daily,2015-01-04,1,13,13,704976,0,84631,1585,78116780,9125660,40
181330100,Penguins of Madagascar,Daily,2015-01-05,0,15,13,208647,0,25048,1585,78325427,9150708,41
181330100,Penguins of Madagascar,Daily,2015-01-06,0,16,15,124445,0,14939,1585,78449872,9165647,42
181330100,Penguins of Madagascar,Daily,2015-01-07,0,16,16,110567,0,13273,1585,78560439,9178920,43
181330100,Penguins of Madagascar,Daily,2015-01-08,0,16,16,117187,0,14068,1585,78677626,9192988,44
181330100,Penguins of Madagascar,Daily,2015-01-09,0,20,16,166729,0,20015,1057,78844355,9213003,45
181330100,Penguins of Madagascar,Daily,2015-01-10,1,15,20,602937,0,72381,1057,79447292,9285384,46
181330100,Penguins of Madagascar,Daily,2015-01-11,1,15,15,402714,0,48345,1057,79850006,9333729,47
181330100,Penguins of Madagascar,Daily,2015-01-12,0,21,15,55597,0,6674,1057,79905603,9340403,48
181330100,Penguins of Madagascar,Daily,2015-01-13,0,21,21,62334,0,7483,1057,79967937,9347886,49
181330100,Penguins of Madagascar,Daily,2015-01-14,0,21,21,52300,0,6279,1057,80020237,9354165,50
181330100,Penguins of Madagascar,Daily,2015-01-15,0,21,21,50011,0,6189,1057,80070248,9360354,51
181330100,Penguins of Madagascar,Daily,2015-01-16,0,23,21,100680,0,12130,417,80170928,9372484,52
181330100,Penguins of Madagascar,Daily,2015-01-17,0,22,23,246448,0,29693,417,80417376,9402177,53
181330100,Penguins of Madagascar,Daily,2015-01-18,0,21,22,172078,0,20732,417,80589454,9422909,54
181330100,Penguins of Madagascar,Daily,2015-01-19,0,21,21,200973,0,24214,417,80790427,9447123,55
181330100,Penguins of Madagascar,Daily,2015-01-20,0,23,21,34413,0,4146,417,80824840,9451269,56
181330100,Penguins of Madagascar,Daily,2015-01-21,0,23,23,23853,0,2874,417,80848693,9454143,57
181330100,Penguins of Madagascar,Daily,2015-01-22,0,23,23,25679,0,3094,417,80874372,9457237,58
181330100,Penguins of Madagascar,Daily,2015-01-23,0,26,23,80125,0,9654,321,80954497,9466891,59
181330100,Penguins of Madagascar,Daily,2015-01-24,0,24,26,196685,0,23697,321,81151182,9490588,60
181330100,Penguins of Madagascar,Daily,2015-01-25,0,23,24,117191,0,14119,321,81268373,9504707,61
181330100,Penguins of Madagascar,Daily,2015-01-26,0,27,23,22711,0,2736,321,81291084,9507443,62
181330100,Penguins of Madagascar,Daily,2015-01-27,0,27,27,23801,0,2868,321,81314885,9510311,63
181330100,Penguins of Madagascar,Daily,2015-01-28,0,27,27,19791,0,2384,321,81334676,9512695,64
181330100,Penguins of Madagascar,Daily,2015-01-29,0,27,27,19336,0,2330,321,81354012,9515025,65
181330100,Penguins of Madagascar,Daily,2015-01-30,0,25,27,81931,0,9871,296,81435943,9524896,66
181330100,Penguins of Madagascar,Daily,2015-01-31,0,23,25,193226,0,23280,296,81629169,9548176,67
181330100,Penguins of Madagascar,Daily,2015-02-01,0,23,23,73487,0,8854,296,81702656,9557030,68
181330100,Penguins of Madagascar,Daily,2015-02-02,0,24,23,27290,0,3288,296,81729946,9560318,69
181330100,Penguins of Madagascar,Daily,2015-02-03,0,25,24,25895,0,3120,296,81755841,9563438,70
181330100,Penguins of Madagascar,Daily,2015-02-04,0,28,25,16130,0,1943,296,81771971,9565381,71
181330100,Penguins of Madagascar,Daily,2015-02-05,0,27,28,18227,0,2196,296,81790198,9567577,72
181330100,Penguins of Madagascar,Daily,2015-02-06,0,24,27,60614,0,7303,257,81850812,9574880,73
181330100,Penguins of Madagascar,Daily,2015-02-07,0,23,24,145890,0,17577,257,81996702,9592457,74
181330100,Penguins of Madagascar,Daily,2015-02-08,0,23,23,86258,0,10393,257,82082960,9602850,75
181330100,Penguins of Madagascar,Daily,2015-02-09,0,24,23,22444,0,2704,257,82105404,9605554,76
181330100,Penguins of Madagascar,Daily,2015-02-10,0,24,24,18649,0,2247,257,82124053,9607801,77
181330100,Penguins of Madagascar,Daily,2015-02-11,0,25,24,16056,0,1934,257,82140109,9609735,78
181330100,Penguins of Madagascar,Daily,2015-02-12,0,24,25,19316,0,2327,257,82159425,9612062,79
181330100,Penguins of Madagascar,Daily,2015-02-13,0,27,24,40637,0,4896,222,82200062,9616958,80
181330100,Penguins of Madagascar,Daily,2015-02-14,0,24,27,107161,0,12911,222,82307223,9629869,81
181330100,Penguins of Madagascar,Daily,2015-02-15,0,24,24,70783,0,8528,222,82378006,9638397,82
181330100,Penguins of Madagascar,Daily,2015-02-16,0,21,24,72657,0,8754,222,82450663,9647151,83
181330100,Penguins of Madagascar,Daily,2015-02-17,0,26,21,19639,0,2366,222,82470302,9649517,84
181330100,Penguins of Madagascar,Daily,2015-02-18,0,26,26,17926,0,2160,222,82488228,9651677,85
181330100,Penguins of Madagascar,Daily,2015-02-19,0,25,26,20341,0,2451,222,82508569,9654128,86
181330100,Penguins of Madagascar,Daily,2015-02-20,0,29,25,39536,0,4763,204,82548105,9658891,87
181330100,Penguins of Madagascar,Daily,2015-02-21,0,26,29,72590,0,8746,204,82620695,9667637,88
181330100,Penguins of Madagascar,Daily,2015-02-22,0,23,26,50557,0,6091,204,82671252,9673728,89
181330100,Penguins of Madagascar,Daily,2015-02-23,0,28,23,8676,0,1045,204,82679928,9674773,90
181330100,Penguins of Madagascar,Daily,2015-02-24,0,29,28,9032,0,1088,204,82688960,9675861,91
181330100,Penguins of Madagascar,Daily,2015-02-25,0,28,29,8067,0,972,204,82697027,9676833,92
181330100,Penguins of Madagascar,Daily,2015-02-26,0,28,28,10840,0,1306,204,82707867,9678139,93
181330100,Penguins of Madagascar,Daily,2015-02-27,0,32,28,20784,0,2504,160,82728651,9680643,94
181330100,Penguins of Madagascar,Daily,2015-02-28,0,29,32,54259,0,6537,160,82782910,9687180,95
181330100,Penguins of Madagascar,Daily,2015-03-01,0,27,29,37433,0,4510,160,82820343,9691690,96
181330100,Penguins of Madagascar,Daily,2015-03-02,0,31,27,7465,0,899,160,82827808,9692589,97
181330100,Penguins of Madagascar,Daily,2015-03-03,0,31,31,7680,0,925,160,82835488,9693514,98
181330100,Penguins of Madagascar,Daily,2015-03-04,0,31,31,6848,0,825,160,82842336,9694339,99
181330100,Penguins of Madagascar,Daily,2015-03-05,0,31,31,8750,0,1054,160,82851086,9695393,100
181330100,Penguins of Madagascar,Daily,2015-03-06,0,33,31,16987,0,2047,130,82868073,9697440,101
181330100,Penguins of Madagascar,Daily,2015-03-07,0,28,33,39537,0,4763,130,82907610,9702203,102
181330100,Penguins of Madagascar,Daily,2015-03-08,0,28,28,23383,0,2817,130,82930993,9705020,103
181330100,Penguins of Madagascar,Daily,2015-03-09,0,31,28,8185,0,986,130,82939178,9706006,104
181330100,Penguins of Madagascar,Daily,2015-03-10,0,32,31,8717,0,1050,130,82947895,9707056,105
181330100,Penguins of Madagascar,Daily,2015-03-11,0,32,32,8898,0,1072,130,82956793,9708128,106
181330100,Penguins of Madagascar,Daily,2015-03-12,0,30,32,9595,0,1156,130,82966388,9709284,107
181330100,Penguins of Madagascar,Daily,2015-03-13,0,32,30,14757,0,1778,105,82981145,9711062,108
181330100,Penguins of Madagascar,Daily,2015-03-14,0,31,32,31567,0,3803,105,83012712,9714865,109
181330100,Penguins of Madagascar,Daily,2015-03-15,0,31,31,20293,0,2445,105,83033005,9717310,110
181330100,Penguins of Madagascar,Daily,2015-03-16,0,27,31,10383,0,1251,105,83043388,9718561,111
181330100,Penguins of Madagascar,Daily,2015-03-17,0,23,27,16193,0,1951,105,83059581,9720512,112
181330100,Penguins of Madagascar,Daily,2015-03-18,0,24,23,14932,0,1799,105,83074513,9722311,113
181330100,Penguins of Madagascar,Daily,2015-03-19,0,23,24,17528,0,2112,105,83092041,9724423,114
181330100,Penguins of Madagascar,Daily,2015-03-20,0,27,23,20402,0,2458,136,83112443,9726881,115
181330100,Penguins of Madagascar,Daily,2015-03-21,0,29,27,26687,0,3215,136,83139130,9730096,116
181330100,Penguins of Madagascar,Daily,2015-03-22,0,30,29,17198,0,2072,136,83156328,9732168,117
181330100,Penguins of Madagascar,Daily,2015-03-23,0,31,30,5322,0,641,136,83161650,9732809,118
181330100,Penguins of Madagascar,Daily,2015-03-24,0,29,31,6676,0,804,136,83168326,9733613,119
181330100,Penguins of Madagascar,Daily,2015-03-25,0,27,29,6868,0,827,136,83175194,9734440,120
181330100,Penguins of Madagascar,Daily,2015-03-26,0,27,27,6832,0,823,136,83182026,9735263,121
181330100,Penguins of Madagascar,Daily,2015-03-27,0,30,27,9517,0,1147,78,83191543,9736410,122
181330100,Penguins of Madagascar,Daily,2015-03-28,0,30,30,16335,0,1968,78,83207878,9738378,123
181330100,Penguins of Madagascar,Daily,2015-03-29,0,27,30,10230,0,1233,78,83218108,9739611,124
181330100,Penguins of Madagascar,Daily,2015-03-30,0,29,27,3069,0,370,78,83221177,9739981,125
181330100,Penguins of Madagascar,Daily,2015-03-31,0,27,29,4753,0,573,78,83225930,9740554,126
181330100,Penguins of Madagascar,Daily,2015-04-01,0,29,27,4097,0,494,78,83230027,9741048,127
181330100,Penguins of Madagascar,Daily,2015-04-02,0,27,29,5668,0,683,78,83235695,9741731,128
181330100,Penguins of Madagascar,Daily,2015-04-03,0,30,27,9860,0,1188,64,83245555,9742919,129
181330100,Penguins of Madagascar,Daily,2015-04-04,0,30,30,8810,0,1061,64,83254365,9743980,130
181330100,Penguins of Madagascar,Daily,2015-04-05,0,31,30,5514,0,664,64,83259879,9744644,131
181330100,Penguins of Madagascar,Daily,2015-04-06,0,28,31,4960,0,598,64,83264839,9745242,132
181330100,Penguins of Madagascar,Daily,2015-04-07,0,28,28,4479,0,540,64,83269318,9745782,133
181330100,Penguins of Madagascar,Daily,2015-04-08,0,29,28,4570,0,551,64,83273888,9746333,134
181330100,Penguins of Madagascar,Daily,2015-04-09,0,29,29,4185,0,504,64,83278073,9746837,135
181330100,Penguins of Madagascar,Daily,2015-04-10,0,35,29,5699,0,687,46,83283772,9747524,136
181330100,Penguins of Madagascar,Daily,2015-04-11,0,32,35,8552,0,1030,46,83292324,9748554,137
181330100,Penguins of Madagascar,Daily,2015-04-12,0,32,32,5329,0,642,46,83297653,9749196,138
181330100,Penguins of Madagascar,Daily,2015-04-13,0,33,32,932,0,112,46,83298585,9749308,139
181330100,Penguins of Madagascar,Daily,2015-04-14,0,33,33,888,0,107,46,83299473,9749415,140
181330100,Penguins of Madagascar,Daily,2015-04-15,0,33,33,965,0,116,46,83300438,9749531,141
181330100,Penguins of Madagascar,Daily,2015-04-16,0,33,33,905,0,109,46,83301343,9749640,142
180630100,Minions,Daily,2015-07-10,1,1,0,46042205,0,5670222,4301,46042205,5670222,1
180630100,Minions,Daily,2015-07-11,1,1,1,38859535,0,4785657,4301,84901740,10455879,2
180630100,Minions,Daily,2015-07-12,1,1,1,30816665,0,3795156,4301,115718405,14250754,3
180630100,Minions,Daily,2015-07-13,1,1,1,12946010,0,1594336,4301,128664415,15845090,4
180630100,Minions,Daily,2015-07-14,1,1,1,16838415,0,2073696,4301,145502830,17918786,5
180630100,Minions,Daily,2015-07-15,1,1,1,11505175,0,1416893,4301,157008005,19335679,6
180630100,Minions,Daily,2015-07-16,1,1,1,9483705,0,1167944,4301,166491710,20503623,7
180630100,Minions,Daily,2015-07-17,1,2,1,14571180,0,1794481,4311,181062890,22298104,8
180630100,Minions,Daily,2015-07-18,1,1,2,20218590,0,2489974,4311,201281480,24788078,9
180630100,Minions,Daily,2015-07-19,1,2,1,14484960,0,1783862,4311,215766440,26571940,10
180630100,Minions,Daily,2015-07-20,1,2,2,5777100,0,711466,4311,221543540,27283406,11
180630100,Minions,Daily,2015-07-21,1,1,2,8018460,0,987495,4311,229562000,28270901,12
180630100,Minions,Daily,2015-07-22,1,1,1,5173200,0,600836,4311,234735200,28871737,13
180630100,Minions,Daily,2015-07-23,1,1,1,4785210,0,555774,4311,239520410,29427511,14
180630100,Minions,Daily,2015-07-24,1,3,1,6810550,0,791005,4062,246330960,30218516,15
180630100,Minions,Daily,2015-07-25,1,2,3,9006190,0,1046015,4062,255337150,31264531,16
180630100,Minions,Daily,2015-07-26,1,2,2,7117220,0,826623,4062,262454370,32091154,17
180630100,Minions,Daily,2015-07-27,1,2,2,3090160,0,358904,4062,265544530,32450058,18
180630100,Minions,Daily,2015-07-28,1,2,2,4005280,0,465189,4062,269549810,32915247,19
180630100,Minions,Daily,2015-07-29,1,3,2,2820955,0,327637,4062,272370765,33242884,20
180630100,Minions,Daily,2015-07-30,1,1,3,2820510,0,327585,4062,275191275,33570469,21
180630100,Minions,Daily,2015-07-31,1,4,1,3628625,0,421443,3575,278819900,33991912,22
180630100,Minions,Daily,2015-08-01,1,4,4,4969250,0,577149,3575,283789150,34569061,23
180630100,Minions,Daily,2015-08-02,1,4,4,3789500,0,440128,3575,287578650,35009189,24
180630100,Minions,Daily,2015-08-03,1,2,4,2001845,0,232502,3575,289580495,35241691,25
180630100,Minions,Daily,2015-08-04,1,2,2,2377375,0,276118,3575,291957870,35517809,26
180630100,Minions,Daily,2015-08-05,1,2,2,1751750,0,203455,3575,293709620,35721264,27
180630100,Minions,Daily,2015-08-06,1,2,2,1644500,0,190999,3575,295354120,35912263,28
180630100,Minions,Daily,2015-08-07,1,7,2,2217030,0,257495,3123,297571150,36169758,29
180630100,Minions,Daily,2015-08-08,1,6,7,2999220,0,348341,3123,300570370,36518099,30
180630100,Minions,Daily,2015-08-09,1,6,6,2232770,0,259323,3123,302803140,36777422,31
180630100,Minions,Daily,2015-08-10,1,5,6,1108665,0,128765,3123,303911805,36906187,32
180630100,Minions,Daily,2015-08-11,1,3,5,1858185,0,215817,3123,305769990,37122004,33
180630100,Minions,Daily,2015-08-12,1,4,3,1061820,0,123324,3123,306831810,37245328,34
180630100,Minions,Daily,2015-08-13,1,4,4,936900,0,108815,3123,307768710,37354143,35
180630100,Minions,Daily,2015-08-14,1,8,4,1438800,0,167108,2640,309207510,37521251,36
180630100,Minions,Daily,2015-08-15,1,8,8,2151705,0,249907,2640,311359215,37771158,37
180630100,Minions,Daily,2015-08-16,1,7,8,1557620,0,180908,2640,312916835,37952066,38
180630100,Minions,Daily,2015-08-17,1,6,7,738205,0,85738,2640,313655040,38037804,39
180630100,Minions,Daily,2015-08-18,1,5,6,1069645,0,124233,2640,314724685,38162037,40
180630100,Minions,Daily,2015-08-19,1,5,5,791990,0,91985,2640,315516675,38254022,41
180630100,Minions,Daily,2015-08-20,1,5,5,738650,0,85790,2640,316255325,38339812,42
180630100,Minions,Daily,2015-08-21,1,10,5,1090740,0,126683,2226,317346065,38466495,43
180630100,Minions,Daily,2015-08-22,1,10,10,1580460,0,183561,2226,318926525,38650056,44
180630100,Minions,Daily,2015-08-23,1,8,10,1157520,0,134439,2226,320084045,38784495,45
180630100,Minions,Daily,2015-08-24,1,7,8,434070,0,50415,2226,320518115,38834910,46
180630100,Minions,Daily,2015-08-25,1,7,7,589890,0,68512,2226,321108005,38903422,47
180630100,Minions,Daily,2015-08-26,1,8,7,412525,0,47912,2226,321520530,38951334,48
180630100,Minions,Daily,2015-08-27,1,10,8,360060,0,41819,2226,321880590,38993153,49
180630100,Minions,Daily,2015-08-28,1,13,10,671840,0,78030,1976,322552430,39071183,50
180630100,Minions,Daily,2015-08-29,1,11,13,1323920,0,153765,1976,323876350,39224948,51
180630100,Minions,Daily,2015-08-30,1,9,11,879320,0,102128,1976,324755670,39327076,52
180630100,Minions,Daily,2015-08-31,1,9,9,296640,0,34453,1976,325052310,39361529,53
180630100,Minions,Daily,2015-09-01,1,11,9,325605,0,37817,1976,325377915,39399346,54
180630100,Minions,Daily,2015-09-02,1,12,11,246825,0,28667,1976,325624740,39428013,55
180630100,Minions,Daily,2015-09-03,1,12,12,246720,0,28655,1976,325871460,39456668,56
180630100,Minions,Daily,2015-09-04,1,13,12,617260,0,71691,1927,326488720,39528359,57
180630100,Minions,Daily,2015-09-05,1,10,13,1156180,0,134283,1927,327644900,39662642,58
180630100,Minions,Daily,2015-09-06,1,10,10,1195055,0,138798,1927,328839955,39801440,59
180630100,Minions,Daily,2015-09-07,1,9,10,934595,0,108548,1927,329774550,39909988,60
180630100,Minions,Daily,2015-09-08,0,16,9,134890,0,15667,1927,329909440,39925655,61
180630100,Minions,Daily,2015-09-09,0,18,16,86715,0,10071,1927,329996155,39935726,62
180630100,Minions,Daily,2015-09-10,0,18,18,77040,0,8948,1927,330073195,39944674,63
180630100,Minions,Daily,2015-09-11,0,17,18,269450,0,31295,1585,330342645,39975969,64
180630100,Minions,Daily,2015-09-12,1,11,17,775970,0,90124,1585,331118615,40066093,65
180630100,Minions,Daily,2015-09-13,1,12,11,467520,0,54300,1585,331586135,40120393,66
180630100,Minions,Daily,2015-09-14,0,16,12,95115,0,11047,1585,331681250,40131440,67
180630100,Minions,Daily,2015-09-15,0,20,16,72050,0,8368,1585,331753300,40139808,68
180630100,Minions,Daily,2015-09-16,0,19,20,62630,0,7274,1585,331815930,40147082,69
180630100,Minions,Daily,2015-09-17,0,18,19,47775,0,5549,1585,331863705,40152631,70
180630100,Minions,Daily,2015-09-18,0,18,18,187110,0,21731,1134,332050815,40174362,71
180630100,Minions,Daily,2015-09-19,1,10,18,510300,0,59268,1134,332561115,40233630,72
180630100,Minions,Daily,2015-09-20,1,12,10,289550,0,33630,1134,332850665,40267260,73
180630100,Minions,Daily,2015-09-21,0,20,12,45510,0,5286,1134,332896175,40272546,74
180630100,Minions,Daily,2015-09-22,0,20,20,56590,0,6573,1134,332952765,40279119,75
180630100,Minions,Daily,2015-09-23,0,17,20,79380,0,9220,1134,333032145,40288339,76
180630100,Minions,Daily,2015-09-24,0,18,17,51030,0,5927,1134,333083175,40294266,77
180630100,Minions,Daily,2015-09-25,0,19,18,106470,0,12366,507,333189645,40306632,78
180630100,Minions,Daily,2015-09-26,0,17,19,215475,0,25026,507,333405120,40331658,79
180630100,Minions,Daily,2015-09-27,0,19,17,114075,0,13249,507,333519195,40344907,80
180630100,Minions,Daily,2015-09-28,0,23,19,20505,0,2382,507,333539700,40347289,81
180630100,Minions,Daily,2015-09-29,0,25,23,22815,0,2650,507,333562515,40349939,82
180630100,Minions,Daily,2015-09-30,0,24,25,20280,0,2355,507,333582795,40352294,83
180630100,Minions,Daily,2015-10-01,0,22,24,17745,0,2061,507,333600540,40354355,84
180630100,Minions,Daily,2015-10-02,0,19,22,63600,0,7387,265,333664140,40361742,85
180630100,Minions,Daily,2015-10-03,1,15,19,160325,0,18621,265,333824465,40380363,86
180630100,Minions,Daily,2015-10-04,1,15,15,84800,0,9849,265,333909265,40390212,87
180630100,Minions,Daily,2015-10-05,0,18,15,14575,0,1693,265,333923840,40391905,88
180630100,Minions,Daily,2015-10-06,0,19,18,17225,0,2001,265,333941065,40393906,89
180630100,Minions,Daily,2015-10-07,0,19,19,13250,0,1539,265,333954315,40395445,90
180630100,Minions,Daily,2015-10-08,0,19,19,15895,0,1846,265,333970210,40397291,91
180630100,Minions,Daily,2015-10-09,0,20,19,64595,0,7502,253,334034805,40404793,92
180630100,Minions,Daily,2015-10-10,0,20,20,113695,0,13205,253,334148500,40417998,93
180630100,Minions,Daily,2015-10-11,0,20,20,67000,0,7782,253,334215500,40425780,94
180630100,Minions,Daily,2015-10-12,0,19,20,39095,0,4541,253,334254595,40430321,95
180630100,Minions,Daily,2015-10-13,0,21,19,15180,0,1763,253,334269775,40432084,96
180630100,Minions,Daily,2015-10-14,0,21,21,13840,0,1607,253,334283615,40433691,97
180630100,Minions,Daily,2015-10-15,0,20,21,20240,0,2351,253,334303855,40436042,98
180630100,Minions,Daily,2015-10-16,0,20,20,68040,0,7902,243,334371895,40443944,99
180630100,Minions,Daily,2015-10-17,0,19,20,108135,0,12559,243,334480030,40456503,100
180630100,Minions,Daily,2015-10-18,0,20,19,64395,0,7479,243,334544425,40463982,101
180630100,Minions,Daily,2015-10-19,0,23,20,15795,0,1834,243,334560220,40465816,102
180630100,Minions,Daily,2015-10-20,0,26,23,14580,0,1693,243,334574800,40467509,103
180630100,Minions,Daily,2015-10-21,0,26,26,13250,0,1539,243,334588050,40469048,104
180630100,Minions,Daily,2015-10-22,0,27,26,13405,0,1557,243,334601455,40470605,105
180630100,Minions,Daily,2015-10-23,0,24,27,47355,0,5500,231,334648810,40476105,106
180630100,Minions,Daily,2015-10-24,0,21,24,94710,0,11000,231,334743520,40487105,107
180630100,Minions,Daily,2015-10-25,0,22,21,55440,0,6439,231,334798960,40493544,108
180630100,Minions,Daily,2015-10-26,0,24,22,12805,0,1487,231,334811765,40495031,109
180630100,Minions,Daily,2015-10-27,0,23,24,12715,0,1477,231,334824480,40496508,110
180630100,Minions,Daily,2015-10-28,0,23,23,12595,0,1463,231,334837075,40497971,111
180630100,Minions,Daily,2015-10-29,0,24,23,12620,0,1466,231,334849695,40499437,112
180630100,Minions,Daily,2015-10-30,0,27,24,38610,0,4484,234,334888305,40503921,113
180630100,Minions,Daily,2015-10-31,0,26,27,45630,0,5300,234,334933935,40509221,114
180630100,Minions,Daily,2015-11-01,0,23,26,58445,0,6788,234,334992380,40516009,115
180630100,Minions,Daily,2015-11-02,0,24,23,15155,0,1760,234,335007535,40517769,116
180630100,Minions,Daily,2015-11-03,0,24,24,17550,0,2038,234,335025085,40519807,117
180630100,Minions,Daily,2015-11-04,0,25,24,11815,0,1372,234,335036900,40521179,118
180630100,Minions,Daily,2015-11-05,0,25,25,12870,0,1495,234,335049770,40522674,119
180630100,Minions,Daily,2015-11-06,0,27,25,43125,0,5009,227,335092895,40527683,120
180630100,Minions,Daily,2015-11-07,0,24,27,96580,0,11217,227,335189475,40538900,121
180630100,Minions,Daily,2015-11-08,0,24,24,54465,0,6326,227,335243940,40545226,122
180630100,Minions,Daily,2015-11-09,0,28,24,10115,0,1175,227,335254055,40546401,123
180630100,Minions,Daily,2015-11-10,0,29,28,13525,0,1571,227,335267580,40547972,124
180630100,Minions,Daily,2015-11-11,0,22,29,47780,0,5549,227,335315360,40553521,125
180630100,Minions,Daily,2015-11-12,0,29,22,11350,0,1318,227,335326710,40554839,126
180630100,Minions,Daily,2015-11-13,0,32,29,35990,0,4180,206,335362700,40559019,127
180630100,Minions,Daily,2015-11-14,0,28,32,78245,0,9088,206,335440945,40568107,128
180630100,Minions,Daily,2015-11-15,0,27,28,44285,0,5143,206,335485230,40573250,129
180630100,Minions,Daily,2015-11-16,0,32,27,8340,0,969,206,335493570,40574219,130
180630100,Minions,Daily,2015-11-17,0,33,32,8145,0,946,206,335501715,40575165,131
180630100,Minions,Daily,2015-11-18,0,33,33,7305,0,848,206,335509020,40576013,132
180630100,Minions,Daily,2015-11-19,0,31,33,8145,0,946,206,335517165,40576959,133
180630100,Minions,Daily,2015-11-20,0,30,31,23675,0,2750,182,335540840,40579709,134
180630100,Minions,Daily,2015-11-21,0,27,30,57380,0,6664,182,335598220,40586373,135
180630100,Minions,Daily,2015-11-22,0,27,27,34560,0,4014,182,335632780,40590387,136
180630100,Minions,Daily,2015-11-23,0,26,27,17330,0,2013,182,335650110,40592400,137
180630100,Minions,Daily,2015-11-24,0,24,26,23605,0,2742,182,335673715,40595142,138
180630100,Minions,Daily,2015-11-25,0,25,24,28780,0,3343,182,335702495,40598485,139
180630100,Minions,Daily,2015-11-26,0,28,25,13440,0,1561,182,335715935,40600046,140
180630100,Minions,Daily,2015-11-27,0,27,28,49295,0,5725,173,335765230,40605771,141
180630100,Minions,Daily,2015-11-28,0,27,27,54460,0,6325,173,335819690,40612096,142
180630100,Minions,Daily,2015-11-29,0,27,27,26775,0,3110,173,335846465,40615206,143
180630100,Minions,Daily,2015-11-30,0,28,27,6055,0,703,173,335852520,40615909,144
180630100,Minions,Daily,2015-12-01,0,31,28,4325,0,502,173,335856845,40616411,145
180630100,Minions,Daily,2015-12-02,0,30,31,4405,0,512,173,335861250,40616923,146
180630100,Minions,Daily,2015-12-03,0,29,30,4395,0,511,173,335865645,40617434,147
180630100,Minions,Daily,2015-12-04,0,34,29,16065,0,1866,190,335881710,40619300,148
180630100,Minions,Daily,2015-12-05,0,31,34,40840,0,4743,190,335922550,40624043,149
180630100,Minions,Daily,2015-12-06,0,33,31,24705,0,2869,190,335947255,40626912,150
180630100,Minions,Daily,2015-12-07,0,34,33,4750,0,552,190,335952005,40627464,151
180630100,Minions,Daily,2015-12-08,0,34,34,5705,0,663,190,335957710,40628127,152
180630100,Minions,Daily,2015-12-09,0,34,34,4775,0,555,190,335962485,40628682,153
180630100,Minions,Daily,2015-12-10,0,34,34,5670,0,659,190,335968155,40629341,154
180630100,Minions,Daily,2015-12-11,0,33,34,12005,0,1394,141,335980160,40630735,155
180630100,Minions,Daily,2015-12-12,0,31,33,29660,0,3445,141,336009820,40634180,156
180630100,Minions,Daily,2015-12-13,0,31,31,19740,0,2293,141,336029560,40636473,157
180630100,Minions,Daily,2015-12-14,0,33,31,3525,0,409,141,336033085,40636882,158
180630100,Minions,Daily,2015-12-15,0,33,33,4230,0,491,141,336037315,40637373,159
180630100,Minions,Daily,2015-12-16,0,33,33,4185,0,486,141,336041500,40637859,160
180630100,Minions,Daily,2015-12-17,0,34,33,4270,0,496,141,336045770,40638355,161
