movie_odid,display_name,language
139970100,La siciliana ribelle,Italian
139980100,"The Twilight Saga: Breaking Dawn, Part 1",English
139990100,"The Twilight Saga: Breaking Dawn, Part 2",English
140020100,Helena From the Wedding,English
140030100,Monsters,English
140030100,Monsters,Spanish
140040100,Catfish,English
140050100,Red,English
140060100,Freakonomics,English
140070100,The Warrior's Way,English
140080100,Stone,English
140090100,Frankenweenie,English
140100100,John Carter,English
140100100,John Carter,Apache
140110100,Dolphin Tale,English
140120100,Altiplano,Spanish
140120100,Altiplano,Quechua
140120100,Altiplano,French
140120100,Altiplano,Persian
181330100,Penguins of Madagascar,English
180630100,Minions,English
